000001,上证指数,SZZS,ss
600000,浦发银行,PFYH,ss
600004,白云机场,BYJC,ss
600005,武钢股份,WGGF,ss
600006,东风汽车,DFQC,ss
600007,中国国贸,ZGGM,ss
600008,首创股份,SCGF,ss
600009,上海机场,SHJC,ss
600010,包钢股份,BGGF,ss
600011,华能国际,HNGJ,ss
600012,皖通高速,WTGS,ss
600015,华夏银行,HXYH,ss
600016,民生银行,MSYH,ss
600017,日照港,RZG,ss
600018,上港集团,SGJT,ss
600019,宝钢股份,BGGF,ss
600020,中原高速,ZYGS,ss
600021,上海电力,SHDL,ss
600022,山东钢铁,SDGT,ss
600023,浙能电力,ZNDL,ss
600026,中海发展,ZHFZ,ss
600027,华电国际,HDGJ,ss
600028,中国石化,ZGSH,ss
600029,南方航空,NFHK,ss
600030,中信证券,ZXZQ,ss
600031,三一重工,SYZG,ss
600033,福建高速,FJGS,ss
600035,楚天高速,CTGS,ss
600036,招商银行,ZSYH,ss
600037,歌华有线,GHYX,ss
600038,中直股份,ZZGF,ss
600039,四川路桥,SCLQ,ss
600048,保利地产,BLDC,ss
600050,中国联通,ZGLT,ss
600051,宁波联合,NBLH,ss
600052,浙江广厦,ZJGS,ss
600053,九鼎投资,JDTZ,ss
600054,黄山旅游,HSLY,ss
600055,华润万东,HRWD,ss
600056,中国医药,ZGYY,ss
600057,象屿股份,XYGF,ss
600058,五矿发展,WKFZ,ss
600059,古越龙山,GYLS,ss
600060,海信电器,HXDQ,ss
600061,国投安信,GTAX,ss
600062,华润双鹤,HRSH,ss
600063,皖维高新,WWGX,ss
600064,南京高科,NJGK,ss
600066,宇通客车,YTKC,ss
600067,冠城大通,GCDT,ss
600068,葛洲坝,GZB,ss
600069,*ST银鸽,*STYG,ss
600070,浙江富润,ZJFR,ss
600071,凤凰光学,FHGX,ss
600072,钢构工程,GGGC,ss
600073,上海梅林,SHML,ss
600074,保千里,BQL,ss
600075,新疆天业,XJTY,ss
600076,康欣新材,KXXC,ss
600077,宋都股份,SDGF,ss
600078,澄星股份,CXGF,ss
600079,人福医药,RFYY,ss
600080,金花股份,JHGF,ss
600081,东风科技,DFKJ,ss
600082,海泰发展,HTFZ,ss
600083,博信股份,BXGF,ss
600084,中葡股份,ZPGF,ss
600085,同仁堂,TRT,ss
600086,东方金钰,DFJY,ss
600088,中视传媒,ZSCM,ss
600089,特变电工,TBDG,ss
600090,啤酒花,PJH,ss
600091,*ST明科,*STMK,ss
600093,禾嘉股份,HJGF,ss
600094,大名城,DMC,ss
600095,哈高科,HGK,ss
600096,云天化,YTH,ss
600097,开创国际,KCGJ,ss
600098,广州发展,GZFZ,ss
600099,林海股份,LHGF,ss
600100,同方股份,TFGF,ss
600101,明星电力,MXDL,ss
600103,青山纸业,QSZY,ss
600104,上汽集团,SQJT,ss
600105,永鼎股份,YDGF,ss
600106,重庆路桥,CQLQ,ss
600107,美尔雅,MEY,ss
600108,亚盛集团,YSJT,ss
600109,国金证券,GJZQ,ss
600110,诺德股份,NDGF,ss
600111,北方稀土,BFXT,ss
600112,天成控股,TCKG,ss
600113,浙江东日,ZJDR,ss
600114,东睦股份,DMGF,ss
600115,东方航空,DFHK,ss
600116,三峡水利,SXSL,ss
600117,西宁特钢,XNTG,ss
600118,中国卫星,ZGWX,ss
600119,长江投资,CJTZ,ss
600120,浙江东方,ZJDF,ss
600121,郑州煤电,ZZMD,ss
600122,宏图高科,HTGK,ss
600123,兰花科创,LHKC,ss
600125,铁龙物流,TLWL,ss
600126,杭钢股份,HGGF,ss
600127,金健米业,JJMY,ss
600128,弘业股份,HYGF,ss
600129,太极集团,TJJT,ss
600130,波导股份,BDGF,ss
600131,岷江水电,MJSD,ss
600132,重庆啤酒,CQPJ,ss
600133,东湖高新,DHGX,ss
600135,乐凯胶片,LKJP,ss
600136,道博股份,DBGF,ss
600137,浪莎股份,LSGF,ss
600138,中青旅,ZQL,ss
600139,西部资源,XBZY,ss
600141,兴发集团,XFJT,ss
600143,金发科技,JFKJ,ss
600145,*ST新亿,*STXY,ss
600146,商赢环球,SYHQ,ss
600148,长春一东,CCYD,ss
600149,廊坊发展,LFFZ,ss
600150,中国船舶,ZGCB,ss
600151,航天机电,HTJD,ss
600152,维科精华,WKJH,ss
600153,建发股份,JFGF,ss
600155,宝硕股份,BSGF,ss
600156,华升股份,HSGF,ss
600157,永泰能源,YTNY,ss
600158,中体产业,ZTCY,ss
600159,大龙地产,DLDC,ss
600160,巨化股份,JHGF,ss
600161,天坛生物,TTSW,ss
600162,香江控股,XJKG,ss
600163,中闽能源,ZMNY,ss
600165,新日恒力,XRHL,ss
600166,福田汽车,FTQC,ss
600167,联美控股,LMKG,ss
600168,武汉控股,WHKG,ss
600169,太原重工,TYZG,ss
600170,上海建工,SHJG,ss
600171,上海贝岭,SHBL,ss
600172,黄河旋风,HHXF,ss
600173,卧龙地产,WLDC,ss
600175,美都能源,MDNY,ss
600176,中国巨石,ZGJS,ss
600177,雅戈尔,YGE,ss
600178,东安动力,DADL,ss
600179,ST黑化,STHH,ss
600180,瑞茂通,RMT,ss
600182,S佳通,SJT,ss
600183,生益科技,SYKJ,ss
600184,光电股份,GDGF,ss
600185,格力地产,GLDC,ss
600186,莲花健康,LHJK,ss
600187,国中水务,GZSW,ss
600188,兖州煤业,YZMY,ss
600189,吉林森工,JLSG,ss
600190,锦州港,JZG,ss
600191,华资实业,HZSY,ss
600192,长城电工,CCDG,ss
600193,创兴资源,CXZY,ss
600195,中牧股份,ZMGF,ss
600196,复星医药,FXYY,ss
600197,伊力特,YLT,ss
600198,大唐电信,DTDX,ss
600199,金种子酒,JZZJ,ss
600200,江苏吴中,JSWZ,ss
600201,生物股份,SWGF,ss
600202,哈空调,HKT,ss
600203,福日电子,FRDZ,ss
600206,有研新材,YYXC,ss
600207,安彩高科,ACGK,ss
600208,新湖中宝,XHZB,ss
600209,罗顿发展,LDFZ,ss
600210,紫江企业,ZJQY,ss
600211,西藏药业,XZYY,ss
600212,江泉实业,JQSY,ss
600213,亚星客车,YXKC,ss
600215,长春经开,CCJK,ss
600216,浙江医药,ZJYY,ss
600217,秦岭水泥,QLSN,ss
600218,全柴动力,QCDL,ss
600219,南山铝业,NSLY,ss
600220,江苏阳光,JSYG,ss
600221,海南航空,HNHK,ss
600222,太龙药业,TLYY,ss
600223,鲁商置业,LSZY,ss
600225,天津松江,TJSJ,ss
600226,升华拜克,SHBK,ss
600227,赤天化,CTH,ss
600228,昌九生化,CJSH,ss
600229,城市传媒,CSCM,ss
600230,沧州大化,CZDH,ss
600231,凌钢股份,LGGF,ss
600232,金鹰股份,JYGF,ss
600233,大杨创世,DYCS,ss
600234,山水文化,SSWH,ss
600235,民丰特纸,MFTZ,ss
600236,桂冠电力,GGDL,ss
600237,铜峰电子,TFDZ,ss
600238,海南椰岛,HNYD,ss
600239,云南城投,YNCT,ss
600240,华业资本,HYZB,ss
600241,时代万恒,SDWH,ss
600242,*ST中昌,*STZC,ss
600243,青海华鼎,QHHD,ss
600246,万通地产,WTDC,ss
600247,*ST成城,*STCC,ss
600248,延长化建,YCHJ,ss
600249,两面针,LMZ,ss
600250,南纺股份,NFGF,ss
600251,冠农股份,GNGF,ss
600252,中恒集团,ZHJT,ss
600255,鑫科材料,XKCL,ss
600256,广汇能源,GHNY,ss
600257,大湖股份,DHGF,ss
600258,首旅酒店,SLJD,ss
600259,广晟有色,GSYS,ss
600260,凯乐科技,KLKJ,ss
600261,阳光照明,YGZM,ss
600262,北方股份,BFGF,ss
600265,ST景谷,STJG,ss
600266,北京城建,BJCJ,ss
600267,海正药业,HZYY,ss
600268,国电南自,GDNZ,ss
600269,赣粤高速,GYGS,ss
600270,外运发展,WYFZ,ss
600271,航天信息,HTXX,ss
600272,开开实业,KKSY,ss
600273,嘉化能源,JHNY,ss
600275,武昌鱼,WCY,ss
600276,恒瑞医药,HRYY,ss
600277,亿利洁能,YLJN,ss
600278,东方创业,DFCY,ss
600279,重庆港九,CQGJ,ss
600280,中央商场,ZYSC,ss
600281,太化股份,THGF,ss
600282,南钢股份,NGGF,ss
600283,钱江水利,QJSL,ss
600284,浦东建设,PDJS,ss
600285,羚锐制药,LRZY,ss
600287,江苏舜天,JSST,ss
600288,大恒科技,DHKJ,ss
600289,亿阳信通,YYXT,ss
600290,华仪电气,HYDQ,ss
600291,西水股份,XSGF,ss
600292,中电远达,ZDYD,ss
600293,三峡新材,SXXC,ss
600295,鄂尔多斯,EEDS,ss
600297,广汇汽车,GHQC,ss
600298,安琪酵母,AQJM,ss
600299,安迪苏,ADS,ss
600300,维维股份,WWGF,ss
600301,*ST南化,*STNH,ss
600302,标准股份,BZGF,ss
600303,曙光股份,SGGF,ss
600305,恒顺醋业,HSCY,ss
600306,商业城,SYC,ss
600307,酒钢宏兴,JGHX,ss
600308,华泰股份,HTGF,ss
600309,万华化学,WHHX,ss
600310,桂东电力,GDDL,ss
600311,ST荣华,STRH,ss
600312,平高电气,PGDQ,ss
600313,农发种业,NFZY,ss
600315,上海家化,SHJH,ss
600316,洪都航空,HDHK,ss
600317,营口港,YKG,ss
600318,巢东股份,CDGF,ss
600319,亚星化学,YXHX,ss
600320,振华重工,ZHZG,ss
600321,国栋建设,GDJS,ss
600322,天房发展,TFFZ,ss
600323,瀚蓝环境,HLHJ,ss
600325,华发股份,HFGF,ss
600326,西藏天路,XZTL,ss
600327,大东方,DDF,ss
600328,兰太实业,LTSY,ss
600329,中新药业,ZXYY,ss
600330,天通股份,TTGF,ss
600331,宏达股份,HDGF,ss
600332,白云山,BYS,ss
600333,长春燃气,CCRQ,ss
600335,国机汽车,GJQC,ss
600336,澳柯玛,AKM,ss
600337,美克家居,MKJJ,ss
600338,西藏珠峰,XZZF,ss
600339,天利高新,TLGX,ss
600340,华夏幸福,HXXF,ss
600343,航天动力,HTDL,ss
600345,长江通信,CJTX,ss
600346,大橡塑,DXS,ss
600348,阳泉煤业,YQMY,ss
600350,山东高速,SDGS,ss
600351,亚宝药业,YBYY,ss
600352,浙江龙盛,ZJLS,ss
600353,旭光股份,XGGF,ss
600354,敦煌种业,DHZY,ss
600355,精伦电子,JLDZ,ss
600356,恒丰纸业,HFZY,ss
600358,国旅联合,GLLH,ss
600359,新农开发,XNKF,ss
600360,华微电子,HWDZ,ss
600361,华联综超,HLZC,ss
600362,江西铜业,JXTY,ss
600363,联创光电,LCGD,ss
600365,通葡股份,TPGF,ss
600366,宁波韵升,NBYS,ss
600367,红星发展,HXFZ,ss
600368,五洲交通,WZJT,ss
600369,西南证券,XNZQ,ss
600370,三房巷,SFX,ss
600371,万向德农,WXDN,ss
600372,中航电子,ZHDZ,ss
600373,中文传媒,ZWCM,ss
600375,华菱星马,HLXM,ss
600376,首开股份,SKGF,ss
600377,宁沪高速,NHGS,ss
600378,天科股份,TKGF,ss
600379,宝光股份,BGGF,ss
600380,健康元,JKY,ss
600381,青海春天,QHCT,ss
600382,广东明珠,GDMZ,ss
600383,金地集团,JDJT,ss
600385,山东金泰,SDJT,ss
600386,北巴传媒,BBCM,ss
600387,海越股份,HYGF,ss
600388,龙净环保,LJHB,ss
600389,江山股份,JSGF,ss
600390,金瑞科技,JRKJ,ss
600391,成发科技,CFKJ,ss
600392,盛和资源,SHZY,ss
600393,东华实业,DHSY,ss
600395,盘江股份,PJGF,ss
600396,金山股份,JSGF,ss
600397,安源煤业,AYMY,ss
600398,海澜之家,HLZJ,ss
600399,抚顺特钢,FSTG,ss
600400,红豆股份,HDGF,ss
600401,*ST海润,*STHR,ss
600403,大有能源,DYNY,ss
600405,动力源,DLY,ss
600406,国电南瑞,GDNR,ss
600408,安泰集团,ATJT,ss
600409,三友化工,SYHG,ss
600410,华胜天成,HSTC,ss
600415,小商品城,XSPC,ss
600416,湘电股份,XDGF,ss
600418,江淮汽车,JHQC,ss
600419,天润乳业,TRRY,ss
600420,现代制药,XDZY,ss
600421,仰帆控股,YFKG,ss
600422,昆药集团,KYJT,ss
600423,柳化股份,LHGF,ss
600425,青松建化,QSJH,ss
600426,华鲁恒升,HLHS,ss
600428,中远航运,ZYHY,ss
600429,三元股份,SYGF,ss
600432,吉恩镍业,JENY,ss
600433,冠豪高新,GHGX,ss
600435,北方导航,BFDH,ss
600436,片仔癀,PZH,ss
600438,通威股份,TWGF,ss
600439,瑞贝卡,RBK,ss
600444,*ST国通,*STGT,ss
600446,金证股份,JZGF,ss
600448,华纺股份,HFGF,ss
600449,宁夏建材,NXJC,ss
600452,涪陵电力,FLDL,ss
600455,博通股份,BTGF,ss
600456,宝钛股份,BTGF,ss
600458,时代新材,SDXC,ss
600459,贵研铂业,GYBY,ss
600460,士兰微,SLW,ss
600461,洪城水业,HCSY,ss
600462,石岘纸业,SXZY,ss
600463,空港股份,KGGF,ss
600466,蓝光发展,LGFZ,ss
600467,好当家,HDJ,ss
600468,百利电气,BLDQ,ss
600469,风神股份,FSGF,ss
600470,六国化工,LGHG,ss
600475,华光股份,HGGF,ss
600476,湘邮科技,XYKJ,ss
600477,杭萧钢构,HXGG,ss
600478,科力远,KLY,ss
600479,千金药业,QJYY,ss
600480,凌云股份,LYGF,ss
600481,双良节能,SLJN,ss
600482,风帆股份,FFGF,ss
600483,福能股份,FNGF,ss
600485,信威集团,XWJT,ss
600486,扬农化工,YNHG,ss
600487,亨通光电,HTGD,ss
600488,天药股份,TYGF,ss
600489,中金黄金,ZJHJ,ss
600490,鹏欣资源,PXZY,ss
600491,龙元建设,LYJS,ss
600493,凤竹纺织,FZFZ,ss
600495,晋西车轴,JXCZ,ss
600496,精工钢构,JGGG,ss
600497,驰宏锌锗,CHXZ,ss
600498,烽火通信,FHTX,ss
600499,科达洁能,KDJN,ss
600500,中化国际,ZHGJ,ss
600501,航天晨光,HTCG,ss
600502,安徽水利,AHSL,ss
600503,华丽家族,HLJZ,ss
600505,西昌电力,XCDL,ss
600506,香梨股份,XLGF,ss
600507,方大特钢,FDTG,ss
600508,上海能源,SHNY,ss
600509,天富能源,TFNY,ss
600510,黑牡丹,HMD,ss
600511,国药股份,GYGF,ss
600512,腾达建设,TDJS,ss
600513,联环药业,LHYY,ss
600515,海航基础,HHJC,ss
600516,方大炭素,FDTS,ss
600517,置信电气,ZXDQ,ss
600518,康美药业,KMYY,ss
600519,贵州茅台,GZMT,ss
600520,中发科技,ZFKJ,ss
600521,华海药业,HHYY,ss
600522,中天科技,ZTKJ,ss
600523,贵航股份,GHGF,ss
600525,长园集团,CYJT,ss
600526,菲达环保,FDHB,ss
600527,江南高纤,JNGX,ss
600528,中铁二局,ZTEJ,ss
600529,山东药玻,SDYB,ss
600530,交大昂立,JDAL,ss
600531,豫光金铅,YGJQ,ss
600532,宏达矿业,HDKY,ss
600533,栖霞建设,QXJS,ss
600535,天士力,TSL,ss
600536,中国软件,ZGRJ,ss
600537,亿晶光电,YJGD,ss
600538,国发股份,GFGF,ss
600539,*ST狮头,*STST,ss
600540,新赛股份,XSGF,ss
600543,莫高股份,MGGF,ss
600545,新疆城建,XJCJ,ss
600546,山煤国际,SMGJ,ss
600547,山东黄金,SDHJ,ss
600548,深高速,SGS,ss
600549,厦门钨业,XMWY,ss
600550,保变电气,BBDQ,ss
600551,时代出版,SDCB,ss
600552,方兴科技,FXKJ,ss
600555,海航创新,HHCX,ss
600556,慧球科技,HQKJ,ss
600557,康缘药业,KYYY,ss
600558,大西洋,DXY,ss
600559,老白干酒,LBGJ,ss
600560,金自天正,JZTZ,ss
600561,江西长运,JXCY,ss
600562,国睿科技,GRKJ,ss
600563,法拉电子,FLDZ,ss
600565,迪马股份,DMGF,ss
600566,济川药业,JCYY,ss
600567,山鹰纸业,SYZY,ss
600568,中珠控股,ZZKG,ss
600569,安阳钢铁,AYGT,ss
600570,恒生电子,HSDZ,ss
600571,信雅达,XYD,ss
600572,康恩贝,KEB,ss
600573,惠泉啤酒,HQPJ,ss
600575,皖江物流,WJWL,ss
600576,万家文化,WJWH,ss
600577,精达股份,JDGF,ss
600578,京能电力,JNDL,ss
600579,天华院,THY,ss
600580,卧龙电气,WLDQ,ss
600581,八一钢铁,BYGT,ss
600582,天地科技,TDKJ,ss
600583,海油工程,HYGC,ss
600584,长电科技,CDKJ,ss
600585,海螺水泥,HLSN,ss
600586,金晶科技,JJKJ,ss
600587,新华医疗,XHYL,ss
600588,用友网络,YYWL,ss
600589,广东榕泰,GDRT,ss
600590,泰豪科技,THKJ,ss
600592,龙溪股份,LXGF,ss
600593,大连圣亚,DLSY,ss
600594,益佰制药,YBZY,ss
600595,中孚实业,ZFSY,ss
600596,新安股份,XAGF,ss
600597,光明乳业,GMRY,ss
600598,北大荒,BDH,ss
600599,熊猫金控,XMJK,ss
600600,青岛啤酒,QDPJ,ss
600601,方正科技,FZKJ,ss
600602,仪电电子,YDDZ,ss
600603,*ST兴业,*STXY,ss
600604,市北高新,SBGX,ss
600605,汇通能源,HTNY,ss
600606,绿地控股,LDKG,ss
600608,*ST沪科,*STHK,ss
600609,金杯汽车,JBQC,ss
600610,中毅达,ZYD,ss
600611,大众交通,DZJT,ss
600612,老凤祥,LFX,ss
600613,神奇制药,SQZY,ss
600614,鼎立股份,DLGF,ss
600615,丰华股份,FHGF,ss
600616,金枫酒业,JFJY,ss
600617,国新能源,GXNY,ss
600618,氯碱化工,LJHG,ss
600619,海立股份,HLGF,ss
600620,天宸股份,TCGF,ss
600621,华鑫股份,HXGF,ss
600622,嘉宝集团,JBJT,ss
600623,双钱股份,SQGF,ss
600624,复旦复华,FDFH,ss
600626,申达股份,SDGF,ss
600628,新世界,XSJ,ss
600629,华建集团,HJJT,ss
600630,龙头股份,LTGF,ss
600633,浙报传媒,ZBCM,ss
600634,中技控股,ZJKG,ss
600635,大众公用,DZGY,ss
600636,三爱富,SAF,ss
600637,东方明珠,DFMZ,ss
600638,新黄浦,XHP,ss
600639,浦东金桥,PDJQ,ss
600640,号百控股,HBKG,ss
600641,万业企业,WYQY,ss
600642,申能股份,SNGF,ss
600643,爱建集团,AJJT,ss
600644,乐山电力,LSDL,ss
600645,中源协和,ZYXH,ss
600647,同达创业,TDCY,ss
600648,外高桥,WGQ,ss
600649,城投控股,CTKG,ss
600650,锦江投资,JJTZ,ss
600651,飞乐音响,FLYX,ss
600652,游久游戏,YJYX,ss
600653,申华控股,SHKG,ss
600654,中安消,ZAX,ss
600655,豫园商城,YYSC,ss
600656,*ST博元,*STBY,ss
600657,信达地产,XDDC,ss
600658,电子城,DZC,ss
600660,福耀玻璃,FYBL,ss
600661,新南洋,XNY,ss
600662,强生控股,QSKG,ss
600663,陆家嘴,LJZ,ss
600664,哈药股份,HYGF,ss
600665,天地源,TDY,ss
600666,奥瑞德,ARD,ss
600667,太极实业,TJSY,ss
600668,尖峰集团,JFJT,ss
600671,天目药业,TMYY,ss
600673,东阳光科,DYGK,ss
600674,川投能源,CTNY,ss
600675,中华企业,ZHQY,ss
600676,交运股份,JYGF,ss
600677,航天通信,HTTX,ss
600678,四川金顶,SCJD,ss
600679,上海凤凰,SHFH,ss
600680,上海普天,SHPT,ss
600681,万鸿集团,WHJT,ss
600682,南京新百,NJXB,ss
600683,京投银泰,JTYT,ss
600684,珠江实业,ZJSY,ss
600685,中船防务,ZCFW,ss
600686,金龙汽车,JLQC,ss
600687,刚泰控股,GTKG,ss
600688,上海石化,SHSH,ss
600689,上海三毛,SHSM,ss
600690,青岛海尔,QDHE,ss
600691,*ST阳化,*STYH,ss
600692,亚通股份,YTGF,ss
600693,东百集团,DBJT,ss
600694,大商股份,DSGF,ss
600695,绿庭投资,LTTZ,ss
600696,匹凸匹,PTP,ss
600697,欧亚集团,OYJT,ss
600698,湖南天雁,HNTY,ss
600699,均胜电子,JSDZ,ss
600701,工大高新,GDGX,ss
600702,沱牌舍得,TPSD,ss
600703,三安光电,SAGD,ss
600704,物产中大,WCZD,ss
600705,中航资本,ZHZB,ss
600706,曲江文旅,QJWL,ss
600707,彩虹股份,CHGF,ss
600708,光明地产,GMDC,ss
600710,*ST常林,*STCL,ss
600711,盛屯矿业,CTKY,ss
600712,南宁百货,NNBH,ss
600713,南京医药,NJYY,ss
600714,金瑞矿业,JRKY,ss
600715,松辽汽车,SLQC,ss
600716,凤凰股份,FHGF,ss
600717,天津港,TJG,ss
600718,东软集团,DRJT,ss
600719,大连热电,DLRD,ss
600720,祁连山,QLS,ss
600721,*ST百花,*STBH,ss
600722,金牛化工,JNHG,ss
600723,首商股份,SSGF,ss
600724,宁波富达,NBFD,ss
600725,云维股份,YWGF,ss
600726,华电能源,HDNY,ss
600727,鲁北化工,LBHG,ss
600728,佳都科技,JDKJ,ss
600729,重庆百货,CQBH,ss
600730,中国高科,ZGGK,ss
600731,湖南海利,HNHL,ss
600732,*ST新梅,*STXM,ss
600733,S前锋,SQF,ss
600734,实达集团,SDJT,ss
600735,新华锦,XHJ,ss
600736,苏州高新,SZGX,ss
600737,中粮屯河,ZLTH,ss
600738,兰州民百,LZMB,ss
600739,辽宁成大,LNCD,ss
600740,山西焦化,SXJH,ss
600741,华域汽车,HYQC,ss
600742,一汽富维,YQFW,ss
600743,华远地产,HYDC,ss
600744,华银电力,HYDL,ss
600745,中茵股份,ZYGF,ss
600746,江苏索普,JSSP,ss
600747,大连控股,DLKG,ss
600748,上实发展,SSFZ,ss
600749,西藏旅游,XZLY,ss
600750,江中药业,JZYY,ss
600751,天海投资,THTZ,ss
600753,东方银星,DFYX,ss
600754,锦江股份,JJGF,ss
600755,厦门国贸,XMGM,ss
600756,浪潮软件,LCRJ,ss
600757,长江传媒,CJCM,ss
600758,红阳能源,HYNY,ss
600759,洲际油气,ZJYQ,ss
600760,中航黑豹,ZHHB,ss
600761,安徽合力,AHHL,ss
600763,通策医疗,TCYL,ss
600764,中电广通,ZDGT,ss
600765,中航重机,ZHZJ,ss
600766,园城黄金,YCHJ,ss
600767,运盛医疗,YSYL,ss
600768,宁波富邦,NBFB,ss
600769,祥龙电业,XLDY,ss
600770,综艺股份,ZYGF,ss
600771,广誉远,GYY,ss
600773,西藏城投,XZCT,ss
600774,汉商集团,HSJT,ss
600775,南京熊猫,NJXM,ss
600776,东方通信,DFTX,ss
600777,新潮实业,XCSY,ss
600778,友好集团,YHJT,ss
600779,*ST水井,*STSJ,ss
600780,通宝能源,TBNY,ss
600781,辅仁药业,FRYY,ss
600782,新钢股份,XGGF,ss
600783,鲁信创投,LXCT,ss
600784,鲁银投资,LYTZ,ss
600785,新华百货,XHBH,ss
600787,中储股份,ZCGF,ss
600789,鲁抗医药,LKYY,ss
600790,轻纺城,QFC,ss
600791,京能置业,JNZY,ss
600792,云煤能源,YMNY,ss
600793,ST宜纸,STYZ,ss
600794,保税科技,BSKJ,ss
600795,国电电力,GDDL,ss
600796,钱江生化,QJSH,ss
600797,浙大网新,ZDWX,ss
600798,宁波海运,NBHY,ss
600800,天津磁卡,TJCK,ss
600801,华新水泥,HXSN,ss
600802,福建水泥,FJSN,ss
600803,新奥股份,XAGF,ss
600804,鹏博士,PBS,ss
600805,悦达投资,YDTZ,ss
600806,昆明机床,KMJC,ss
600807,天业股份,TYGF,ss
600808,马钢股份,MGGF,ss
600809,山西汾酒,SXFJ,ss
600810,神马股份,SMGF,ss
600811,东方集团,DFJT,ss
600812,华北制药,HBZY,ss
600814,杭州解百,HZJB,ss
600815,厦工股份,XGGF,ss
600816,安信信托,AXXT,ss
600817,ST宏盛,STHS,ss
600818,中路股份,ZLGF,ss
600819,耀皮玻璃,YPBL,ss
600820,隧道股份,SDGF,ss
600821,津劝业,JQY,ss
600822,上海物贸,SHWM,ss
600823,世茂股份,SMGF,ss
600824,益民集团,YMJT,ss
600825,新华传媒,XHCM,ss
600826,兰生股份,LSGF,ss
600827,百联股份,BLGF,ss
600828,成商集团,CSJT,ss
600829,人民同泰,RMTT,ss
600830,香溢融通,XYRT,ss
600831,广电网络,GDWL,ss
600833,第一医药,DYYY,ss
600834,申通地铁,STDT,ss
600835,上海机电,SHJD,ss
600836,界龙实业,JLSY,ss
600837,海通证券,HTZQ,ss
600838,上海九百,SHJB,ss
600839,四川长虹,SCCH,ss
600841,上柴股份,SCGF,ss
600843,上工申贝,SGSB,ss
600844,丹化科技,DHKJ,ss
600845,宝信软件,BXRJ,ss
600846,同济科技,TJKJ,ss
600847,万里股份,WLGF,ss
600848,上海临港,SHLG,ss
600850,华东电脑,HDDN,ss
600851,海欣股份,HXGF,ss
600853,龙建股份,LJGF,ss
600854,春兰股份,CLGF,ss
600855,航天长峰,HTCF,ss
600856,中天能源,ZTNY,ss
600857,宁波中百,NBZB,ss
600858,银座股份,YZGF,ss
600859,王府井,WFJ,ss
600860,京城股份,JCGF,ss
600861,北京城乡,BJCX,ss
600862,南通科技,NTKJ,ss
600863,内蒙华电,NMHD,ss
600864,哈投股份,HTGF,ss
600865,百大集团,BDJT,ss
600866,星湖科技,XHKJ,ss
600867,通化东宝,THDB,ss
600868,梅雁吉祥,MYJX,ss
600869,智慧能源,ZHNY,ss
600870,*ST厦华,*STXH,ss
600871,石化油服,SHYF,ss
600872,中炬高新,ZJGX,ss
600873,梅花生物,MHSW,ss
600874,创业环保,CYHB,ss
600875,东方电气,DFDQ,ss
600876,洛阳玻璃,LYBL,ss
600877,中国嘉陵,ZGJL,ss
600879,航天电子,HTDZ,ss
600880,博瑞传播,BRCB,ss
600881,亚泰集团,YTJT,ss
600882,华联矿业,HLKY,ss
600883,博闻科技,BWKJ,ss
600884,杉杉股份,SSGF,ss
600885,宏发股份,HFGF,ss
600886,国投电力,GTDL,ss
600887,伊利股份,YLGF,ss
600888,新疆众和,XJZH,ss
600889,南京化纤,NJHX,ss
600890,中房股份,ZFGF,ss
600891,秋林集团,QLJT,ss
600892,宝诚股份,BCGF,ss
600893,中航动力,ZHDL,ss
600894,广日股份,GRGF,ss
600895,张江高科,ZJGK,ss
600896,中海海盛,ZHHS,ss
600897,厦门空港,XMKG,ss
600898,三联商社,SLSS,ss
600900,长江电力,CJDL,ss
600917,重庆燃气,CQRQ,ss
600958,东方证券,DFZQ,ss
600959,江苏有线,JSYX,ss
600960,渤海活塞,BHHS,ss
600961,株冶集团,ZYJT,ss
600962,*ST中鲁,*STZL,ss
600963,岳阳林纸,YYLZ,ss
600965,福成五丰,FCWF,ss
600966,博汇纸业,BHZY,ss
600967,北方创业,BFCY,ss
600969,郴电国际,CDGJ,ss
600970,中材国际,ZCGJ,ss
600971,恒源煤电,HYMD,ss
600973,宝胜股份,BSGF,ss
600975,新五丰,XWF,ss
600976,健民集团,JMJT,ss
600978,宜华木业,YHMY,ss
600979,广安爱众,GAAZ,ss
600980,北矿磁材,BKCC,ss
600981,汇鸿集团,HHJT,ss
600982,宁波热电,NBRD,ss
600983,惠而浦,HEP,ss
600984,*ST建机,*STJJ,ss
600985,雷鸣科化,LMKH,ss
600986,科达股份,KDGF,ss
600987,航民股份,HMGF,ss
600988,赤峰黄金,CFHJ,ss
600990,四创电子,SCDZ,ss
600992,贵绳股份,GSGF,ss
600993,马应龙,MYL,ss
600995,文山电力,WSDL,ss
600997,开滦股份,KLGF,ss
600998,九州通,JZT,ss
600999,招商证券,ZSZQ,ss
601000,唐山港,TSG,ss
601001,大同煤业,DTMY,ss
601002,晋亿实业,JYSY,ss
601003,柳钢股份,LGGF,ss
601005,重庆钢铁,CQGT,ss
601006,大秦铁路,DQTL,ss
601007,金陵饭店,JLFD,ss
601008,连云港,LYG,ss
601009,南京银行,NJYH,ss
601010,文峰股份,WFGF,ss
601011,宝泰隆,BTL,ss
601012,隆基股份,LJGF,ss
601015,陕西黑猫,SXHM,ss
601016,节能风电,JNFD,ss
601018,宁波港,NBG,ss
601020,华钰矿业,HYKY,ss
601021,春秋航空,CQHK,ss
601028,玉龙股份,YLGF,ss
601038,一拖股份,YTGF,ss
601058,赛轮金宇,SLJY,ss
601069,西部黄金,XBHJ,ss
601088,中国神华,ZGSH,ss
601098,中南传媒,ZNCM,ss
601099,太平洋,TPY,ss
601100,恒立液压,HLYY,ss
601101,昊华能源,HHNY,ss
601106,中国一重,ZGYZ,ss
601107,四川成渝,SCCY,ss
601111,中国国航,ZGGH,ss
601113,华鼎股份,HDGF,ss
601116,三江购物,SJGW,ss
601117,中国化学,ZGHX,ss
601118,海南橡胶,HNXJ,ss
601126,四方股份,SFGF,ss
601137,博威合金,BWHJ,ss
601139,深圳燃气,SZRQ,ss
601155,新城控股,XCKG,ss
601158,重庆水务,CQSW,ss
601166,兴业银行,XYYH,ss
601168,西部矿业,XBKY,ss
601169,北京银行,BJYH,ss
601177,杭齿前进,HCQJ,ss
601179,中国西电,ZGXD,ss
601186,中国铁建,ZGTJ,ss
601188,龙江交通,LJJT,ss
601198,东兴证券,DXZQ,ss
601199,江南水务,JNSW,ss
601208,东材科技,DCKJ,ss
601211,国泰君安,GTJA,ss
601216,君正集团,JZJT,ss
601218,吉鑫科技,JXKJ,ss
601222,林洋能源,LYNY,ss
601225,陕西煤业,SXMY,ss
601226,华电重工,HDZG,ss
601231,环旭电子,HXDZ,ss
601233,桐昆股份,TKGF,ss
601238,广汽集团,GQJT,ss
601258,庞大集团,PDJT,ss
601288,农业银行,NYYH,ss
601311,骆驼股份,LTGF,ss
601313,江南嘉捷,JNJJ,ss
601318,中国平安,ZGPA,ss
601328,交通银行,JTYH,ss
601333,广深铁路,GSTL,ss
601336,新华保险,XHBX,ss
601339,百隆东方,BLDF,ss
601368,绿城水务,LCSW,ss
601369,陕鼓动力,SGDL,ss
601377,兴业证券,XYZQ,ss
601388,怡球资源,YQZY,ss
601390,中国中铁,ZGZT,ss
601398,工商银行,GSYH,ss
601515,东风股份,DFGF,ss
601518,吉林高速,JLGS,ss
601519,大智慧,DZH,ss
601555,东吴证券,DWZQ,ss
601558,华锐风电,HRFD,ss
601566,九牧王,JMW,ss
601567,三星医疗,SXYL,ss
601579,会稽山,KJS,ss
601588,北辰实业,BCSY,ss
601599,鹿港科技,LGKJ,ss
601600,中国铝业,ZGLY,ss
601601,中国太保,ZGTB,ss
601607,上海医药,SHYY,ss
601608,中信重工,ZXZG,ss
601616,广电电气,GDDQ,ss
601618,中国中冶,ZGZY,ss
601628,中国人寿,ZGRS,ss
601633,长城汽车,CCQC,ss
601636,旗滨集团,QBJT,ss
601666,平煤股份,PMGF,ss
601668,中国建筑,ZGJZ,ss
601669,中国电建,ZGDJ,ss
601677,明泰铝业,MTLY,ss
601678,滨化股份,BHGF,ss
601688,华泰证券,HTZQ,ss
601689,拓普集团,TPJT,ss
601699,潞安环能,LAHN,ss
601700,风范股份,FFGF,ss
601717,郑煤机,ZMJ,ss
601718,际华集团,JHJT,ss
601727,上海电气,SHDQ,ss
601766,中国中车,ZGZC,ss
601777,力帆股份,LFGF,ss
601788,光大证券,GDZQ,ss
601789,宁波建工,NBJG,ss
601798,蓝科高新,LKGX,ss
601799,星宇股份,XYGF,ss
601800,中国交建,ZGJJ,ss
601801,皖新传媒,WXCM,ss
601808,中海油服,ZHYF,ss
601818,光大银行,GDYH,ss
601857,中国石油,ZGSY,ss
601866,中海集运,ZHJY,ss
601872,招商轮船,ZSLC,ss
601877,正泰电器,ZTDQ,ss
601880,大连港,DLG,ss
601886,江河创建,JHCJ,ss
601888,中国国旅,ZGGL,ss
601890,亚星锚链,YXML,ss
601898,中煤能源,ZMNY,ss
601899,紫金矿业,ZJKY,ss
601900,南方传媒,NFCM,ss
601901,方正证券,FZZQ,ss
601908,京运通,JYT,ss
601918,国投新集,GTXJ,ss
601919,中国远洋,ZGYY,ss
601928,凤凰传媒,FHCM,ss
601929,吉视传媒,JSCM,ss
601933,永辉超市,YHCS,ss
601939,建设银行,JSYH,ss
601958,金钼股份,JMGF,ss
601965,中国汽研,ZGQY,ss
601968,宝钢包装,BGBZ,ss
601969,海南矿业,HNKY,ss
601985,中国核电,ZGHD,ss
601988,中国银行,ZGYH,ss
601989,中国重工,ZGZG,ss
601991,大唐发电,DTFD,ss
601992,金隅股份,JYGF,ss
601996,丰林集团,FLJT,ss
601998,中信银行,ZXYH,ss
601999,出版传媒,CBCM,ss
603000,人民网,RMW,ss
603001,奥康国际,AKGJ,ss
603002,宏昌电子,HCDZ,ss
603003,龙宇燃油,LYRY,ss
603005,晶方科技,JFKJ,ss
603006,联明股份,LMGF,ss
603008,喜临门,XLM,ss
603009,北特科技,BTKJ,ss
603010,万盛股份,WSGF,ss
603011,合锻股份,HDGF,ss
603012,创力集团,CLJT,ss
603015,弘讯科技,HXKJ,ss
603017,中衡设计,ZHSJ,ss
603018,设计股份,SJGF,ss
603019,中科曙光,ZKSG,ss
603020,爱普股份,APGF,ss
603021,山东华鹏,SDHP,ss
603022,新通联,XTL,ss
603023,威帝股份,WDGF,ss
603025,大豪科技,DHKJ,ss
603026,石大胜华,SDSH,ss
603027,千禾味业,QHWY,ss
603028,赛福天,SFT,ss
603030,全筑股份,QZGF,ss
603066,音飞储存,YFCC,ss
603077,和邦生物,HBSW,ss
603085,天成自控,TCZK,ss
603088,宁波精达,NBJD,ss
603099,长白山,CBS,ss
603100,川仪股份,CYGF,ss
603108,润达医疗,RDYL,ss
603111,康尼机电,KNJD,ss
603116,红蜻蜓,HQT,ss
603117,万林股份,WLGF,ss
603118,共进股份,GJGF,ss
603123,翠微股份,CWGF,ss
603126,中材节能,ZCJN,ss
603128,华贸物流,HMWL,ss
603158,腾龙股份,TLGF,ss
603166,福达股份,FDGF,ss
603167,渤海轮渡,BHLD,ss
603168,莎普爱思,SPAS,ss
603169,兰石重装,LSZZ,ss
603188,亚邦股份,YBGF,ss
603198,迎驾贡酒,YJGJ,ss
603199,九华旅游,JHLY,ss
603222,济民制药,JMZY,ss
603223,恒通股份,HTGF,ss
603227,雪峰科技,XFKJ,ss
603268,松发股份,SFGF,ss
603288,海天味业,HTWY,ss
603299,井神股份,JSGF,ss
603300,华铁科技,HTKJ,ss
603306,华懋科技,HMKJ,ss
603308,应流股份,YLGF,ss
603309,维力医疗,WLYL,ss
603311,金海环境,JHHJ,ss
603315,福鞍股份,FAGF,ss
603318,派思股份,PSGF,ss
603328,依顿电子,YDDZ,ss
603333,明星电缆,MXDL,ss
603338,浙江鼎力,ZJDL,ss
603355,莱克电气,LKDQ,ss
603366,日出东方,RCDF,ss
603368,柳州医药,LZYY,ss
603369,今世缘,JSY,ss
603377,东方时尚,DFSS,ss
603398,邦宝益智,BBYZ,ss
603399,新华龙,XHL,ss
603456,九洲药业,JZYY,ss
603508,思维列控,SWLK,ss
603518,维格娜丝,WGNS,ss
603519,立霸股份,LBGF,ss
603520,司太立,STL,ss
603555,贵人鸟,GRN,ss
603558,健盛集团,JSJT,ss
603566,普莱柯,PLK,ss
603567,珍宝岛,ZBD,ss
603568,伟明环保,WMHB,ss
603588,高能环境,GNHJ,ss
603589,口子窖,KZJ,ss
603598,引力传媒,YLCM,ss
603599,广信股份,GXGF,ss
603600,永艺股份,YYGF,ss
603601,再升科技,ZSKJ,ss
603606,东方电缆,DFDL,ss
603608,天创时尚,TCSS,ss
603609,禾丰牧业,HFMY,ss
603611,诺力股份,NLGF,ss
603616,韩建河山,HJHS,ss
603618,杭电股份,HDGF,ss
603636,南威软件,NWRJ,ss
603669,灵康药业,LKYY,ss
603678,火炬电子,HJDZ,ss
603686,龙马环卫,LMHW,ss
603688,石英股份,SYGF,ss
603696,安记食品,AJSP,ss
603698,航天工程,HTGC,ss
603699,纽威股份,NWGF,ss
603703,盛洋科技,SYKJ,ss
603718,海利生物,HLSW,ss
603729,龙韵股份,LYGF,ss
603766,隆鑫通用,LXTY,ss
603778,乾景园林,QJYL,ss
603788,宁波高发,NBGF,ss
603789,星光农机,XGNJ,ss
603798,康普顿,KPD,ss
603799,华友钴业,HYGY,ss
603800,道森股份,DSGF,ss
603806,福斯特,FST,ss
603808,歌力思,GLS,ss
603818,曲美家居,QMJJ,ss
603828,柯利达,KLD,ss
603838,四通股份,STGF,ss
603861,白云电器,BYDQ,ss
603866,桃李面包,TLMB,ss
603869,北部湾旅,BBWL,ss
603883,老百姓,LBX,ss
603885,吉祥航空,JXHK,ss
603889,新澳股份,XAGF,ss
603898,好莱客,HLK,ss
603899,晨光文具,CGWJ,ss
603901,永创智能,YCZN,ss
603918,金桥信息,JQXX,ss
603919,金徽酒,JHJ,ss
603936,博敏电子,BMDZ,ss
603939,益丰药房,YFYF,ss
603968,醋化股份,CHGF,ss
603969,银龙股份,YLGF,ss
603979,金诚信,JCX,ss
603988,中电电机,ZDDJ,ss
603989,艾华集团,AHJT,ss
603993,洛阳钼业,LYMY,ss
603996,中新科技,ZXKJ,ss
603997,继峰股份,JFGF,ss
603998,方盛制药,FSZY,ss
603999,读者传媒,DZCM,ss
000001,平安银行,PAYH,sz
000002,万 科Ａ,WKA,sz
000002,Ａ股指数,AGZS,sz
000003,Ｂ股指数,BGZS,sz
000004,国农科技,GNKJ,sz
000004,工业指数,GYZS,sz
000005,世纪星源,SJXY,sz
000005,商业指数,SYZS,sz
000006,深振业Ａ,SZYA,sz
000006,地产指数,DCZS,sz
000007,全新好,QXH,sz
000007,公用指数,GYZS,sz
000008,神州高铁,SZGT,sz
000008,综合指数,ZHZS,sz
000009,中国宝安,ZGBA,sz
000009,上证380,SZ380,sz
000010,深华新,SHX,sz
000010,上证180,SZ180,sz
000011,深物业A,SWYA,sz
000011,基金指数,JJZS,sz
000012,南 玻Ａ,NBA,sz
000012,国债指数,GZZS,sz
000013,企债指数,QZZS,sz
000014,沙河股份,SHGF,sz
000015,红利指数,HLZS,sz
000016,深康佳Ａ,SKJA,sz
000016,上证50,SZ50,sz
000017,深中华A,SZHA,sz
000017,新综指,XZZ,sz
000018,神州长城,SZCC,sz
000018,180金融,180JR,sz
000019,深深宝Ａ,SSBA,sz
000019,治理指数,ZLZS,sz
000020,深华发Ａ,SHFA,sz
000020,中型综指,ZXZZ,sz
000021,深科技,SKJ,sz
000021,180治理,180ZL,sz
000022,深赤湾Ａ,SCWA,sz
000022,沪公司债,HGSZ,sz
000023,深天地Ａ,STDA,sz
000023,沪分离债,HFLZ,sz
000025,特 力Ａ,TLA,sz
000025,180基建,180JJ,sz
000026,飞亚达Ａ,FYDA,sz
000026,180资源,180ZY,sz
000027,深圳能源,SZNY,sz
000027,180运输,180YS,sz
000028,国药一致,GYYZ,sz
000028,180成长,180CC,sz
000029,深深房Ａ,SSFA,sz
000029,180价值,180JZ,sz
000030,富奥股份,FAGF,sz
000030,180R成长,180RCC,sz
000031,中粮地产,ZLDC,sz
000031,180R价值,180RJZ,sz
000032,深桑达Ａ,SSDA,sz
000032,上证能源,SZNY,sz
000033,*ST新都,*STXD,sz
000033,上证材料,SZCL,sz
000034,深信泰丰,SXTF,sz
000034,上证工业,SZGY,sz
000035,中国天楹,ZGTY,sz
000035,上证可选,SZKX,sz
000036,华联控股,HLKG,sz
000036,上证消费,SZXF,sz
000037,深南电Ａ,SNDA,sz
000037,上证医药,SZYY,sz
000038,深大通,SDT,sz
000038,上证金融,SZJR,sz
000039,中集集团,ZJJT,sz
000039,上证信息,SZXX,sz
000040,宝安地产,BADC,sz
000040,上证电信,SZDX,sz
000041,上证公用,SZGY,sz
000042,中洲控股,ZZKG,sz
000042,上证央企,SZYQ,sz
000043,中航地产,ZHDC,sz
000043,超大盘,CDP,sz
000044,上证中盘,SZZP,sz
000045,深纺织Ａ,SFZA,sz
000045,上证小盘,SZXP,sz
000046,泛海控股,FHKG,sz
000046,上证中小,SZZX,sz
000047,上证全指,SZQZ,sz
000048,康达尔,KDE,sz
000048,责任指数,ZRZS,sz
000049,德赛电池,DSDC,sz
000049,上证民企,SZMQ,sz
000050,深天马Ａ,STMA,sz
000050,50等权,50DQ,sz
000051,180等权,180DQ,sz
000052,50基本,50JB,sz
000053,180基本,180JB,sz
000054,上证海外,SZHW,sz
000055,方大集团,FDJT,sz
000055,上证地企,SZDQ,sz
000056,皇庭国际,HTGJ,sz
000056,上证国企,SZGQ,sz
000057,全指成长,QZCC,sz
000058,深 赛 格,SSG,sz
000058,全指价值,QZJZ,sz
000059,*ST华锦,*STHJ,sz
000059,全R成长,QRCC,sz
000060,中金岭南,ZJLN,sz
000060,全R价值,QRJZ,sz
000061,农 产 品,NCP,sz
000061,沪企债30,HQZ30,sz
000062,深圳华强,SZHQ,sz
000062,上证沪企,SZHQ,sz
000063,中兴通讯,ZXTX,sz
000063,上证周期,SZZQ,sz
000064,非周期,FZQ,sz
000065,北方国际,BFGJ,sz
000065,上证龙头,SZLT,sz
000066,长城电脑,CCDN,sz
000066,上证商品,SZSP,sz
000067,上证新兴,SZXX,sz
000068,*ST华赛,*STHS,sz
000068,上证资源,SZZY,sz
000069,华侨城Ａ,HQCA,sz
000069,消费80,XF80,sz
000070,特发信息,TFXX,sz
000070,能源等权,NYDQ,sz
000071,材料等权,CLDQ,sz
000072,工业等权,GYDQ,sz
000073,可选等权,KXDQ,sz
000074,消费等权,XFDQ,sz
000075,医药等权,YYDQ,sz
000076,金融等权,JRDQ,sz
000077,信息等权,XXDQ,sz
000078,海王生物,HWSW,sz
000078,电信等权,DXDQ,sz
000079,公用等权,GYDQ,sz
000088,盐 田 港,YTG,sz
000089,深圳机场,SZJC,sz
000090,天健集团,TJJT,sz
000090,上证流通,SZLT,sz
000091,沪财中小,HCZX,sz
000092,资源50,ZY50,sz
000093,180分层,180FC,sz
000094,上证上游,SZSY,sz
000095,上证中游,SZZY,sz
000096,广聚能源,GJNY,sz
000096,上证下游,SZXY,sz
000097,高端装备,GDZB,sz
000098,上证F200,SZF200,sz
000099,中信海直,ZXHZ,sz
000099,上证F300,SZF300,sz
000100,TCL 集团,TCLJT,sz
000100,上证F500,SZF500,sz
000101,5年信用,5NXY,sz
000102,沪投资品,HTZP,sz
000103,沪消费品,HXFP,sz
000104,380能源,380NY,sz
000105,380材料,380CL,sz
000106,380工业,380GY,sz
000107,380可选,380KX,sz
000108,380消费,380XF,sz
000109,380医药,380YY,sz
000110,380金融,380JR,sz
000111,380信息,380XX,sz
000112,380电信,380DX,sz
000113,380公用,380GY,sz
000114,持续产业,CXCY,sz
000115,380等权,380DQ,sz
000116,信用100,XY100,sz
000117,380成长,380CC,sz
000118,380价值,380JZ,sz
000119,380R成长,380RCC,sz
000120,380R价值,380RJZ,sz
000121,医药主题,YYZT,sz
000122,农业主题,NYZT,sz
000123,180动态,180DT,sz
000125,180稳定,180WD,sz
000126,消费50,XF50,sz
000128,380基本,380JB,sz
000129,180波动,180BD,sz
000130,380波动,380BD,sz
000131,上证高新,SZGX,sz
000132,上证100,SZ100,sz
000133,上证150,SZ150,sz
000134,上证银行,SZYX,sz
000135,180高贝,180GB,sz
000136,180低贝,180DB,sz
000137,380高贝,380GB,sz
000138,380低贝,380DB,sz
000139,上证转债,SZZZ,sz
000141,380动态,380DT,sz
000142,380稳定,380WD,sz
000145,优势资源,YSZY,sz
000146,优势制造,YSZZ,sz
000147,优势消费,YSXF,sz
000148,消费领先,XFLX,sz
000149,180红利,180HL,sz
000150,宜华健康,YHJK,sz
000150,380红利,380HL,sz
000151,中成股份,ZCGF,sz
000151,上国红利,SGHL,sz
000152,上央红利,SYHL,sz
000153,丰原药业,FYYY,sz
000153,上民红利,SMHL,sz
000155,*ST川化,*STCH,sz
000155,市值百强,SZBQ,sz
000156,华数传媒,HSCM,sz
000157,中联重科,ZLZK,sz
000158,常山股份,CSGF,sz
000158,上证环保,SZHB,sz
000159,国际实业,GJSY,sz
000166,申万宏源,SWHY,sz
000289,鹏华丰泰债券,PHFTZQ,sz
000300,沪深300,HS300,sz
000301,东方市场,DFSC,sz
000333,美的集团,MDJT,sz
000338,潍柴动力,WCDL,sz
000394,融通通源一年目标,RTTYYN,sz
000400,许继电气,XJDQ,sz
000401,冀东水泥,JDSN,sz
000402,金 融 街,JRJ,sz
000403,ST生化,STSH,sz
000404,华意压缩,HYYS,sz
000407,胜利股份,SLGF,sz
000408,金谷源,JGY,sz
000409,山东地矿,SDDK,sz
000410,沈阳机床,SYJC,sz
000411,英特集团,YTJT,sz
000413,东旭光电,DXGD,sz
000415,渤海金控,BHJK,sz
000416,民生控股,MSKG,sz
000417,合肥百货,HFBH,sz
000418,小天鹅Ａ,XTEA,sz
000419,通程控股,TCKG,sz
000420,吉林化纤,JLHX,sz
000421,南京中北,NJZB,sz
000422,湖北宜化,HBYH,sz
000423,东阿阿胶,DEEJ,sz
000425,徐工机械,XGJX,sz
000426,兴业矿业,XYKY,sz
000428,华天酒店,HTJD,sz
000429,粤高速Ａ,YGSA,sz
000430,张家界,ZJJ,sz
000488,晨鸣纸业,CMZY,sz
000498,山东路桥,SDLQ,sz
000501,鄂武商Ａ,EWSA,sz
000502,绿景控股,LJKG,sz
000503,海虹控股,HHKG,sz
000504,南华生物,NHSW,sz
000505,珠江控股,ZJKG,sz
000506,中润资源,ZRZY,sz
000507,珠海港,ZHG,sz
000509,华塑控股,HSKG,sz
000510,*ST金路,*STJL,sz
000511,烯碳新材,XTXC,sz
000513,丽珠集团,LZJT,sz
000514,渝 开 发,YKF,sz
000516,国际医学,GJYX,sz
000517,荣安地产,RADC,sz
000518,四环生物,SHSW,sz
000519,江南红箭,JNHJ,sz
000520,长航凤凰,CHFH,sz
000521,美菱电器,MLDQ,sz
000523,广州浪奇,GZLQ,sz
000524,岭南控股,LNKG,sz
000525,红 太 阳,HTY,sz
000526,银润投资,YRTZ,sz
000528,柳 工,LG,sz
000529,广弘控股,GHKG,sz
000530,大冷股份,DLGF,sz
000531,穗恒运Ａ,SHYA,sz
000532,力合股份,LHGF,sz
000533,万 家 乐,WJL,sz
000534,万泽股份,WZGF,sz
000536,华映科技,HYKJ,sz
000537,广宇发展,GYFZ,sz
000538,云南白药,YNBY,sz
000539,粤电力Ａ,YDLA,sz
000540,中天城投,ZTCT,sz
000541,佛山照明,FSZM,sz
000543,皖能电力,WNDL,sz
000544,中原环保,ZYHB,sz
000545,金浦钛业,JPTY,sz
000546,金圆股份,JYGF,sz
000547,航天发展,HTFZ,sz
000548,湖南投资,HNTZ,sz
000550,江铃汽车,JLQC,sz
000551,创元科技,CYKJ,sz
000552,靖远煤电,JYMD,sz
000553,沙隆达Ａ,SLDA,sz
000554,泰山石油,TSSY,sz
000555,神州信息,SZXX,sz
000557,*ST广夏,*STGX,sz
000558,莱茵体育,LYTY,sz
000559,万向钱潮,WXQC,sz
000560,昆百大Ａ,KBDA,sz
000561,烽火电子,FHDZ,sz
000563,陕国投Ａ,SGTA,sz
000564,西安民生,XAMS,sz
000565,渝三峡Ａ,YSXA,sz
000566,海南海药,HNHY,sz
000567,海德股份,HDGF,sz
000568,泸州老窖,LZLJ,sz
000570,苏常柴Ａ,SCCA,sz
000571,新大洲Ａ,XDZA,sz
000572,海马汽车,HMQC,sz
000573,粤宏远Ａ,YHYA,sz
000576,广东甘化,GDGH,sz
000581,威孚高科,WFGK,sz
000582,北部湾港,BBWG,sz
000584,友利控股,YLKG,sz
000585,东北电气,DBDQ,sz
000586,汇源通信,HYTX,sz
000587,金叶珠宝,JYZB,sz
000589,黔轮胎Ａ,QLTA,sz
000590,*ST古汉,*STGH,sz
000591,桐 君 阁,TJG,sz
000592,平潭发展,PTFZ,sz
000593,大通燃气,DTRQ,sz
000595,宝塔实业,BTSY,sz
000596,古井贡酒,GJGJ,sz
000597,东北制药,DBZY,sz
000598,兴蓉环境,XRHJ,sz
000599,青岛双星,QDSX,sz
000600,建投能源,JTNY,sz
000601,韶能股份,SNGF,sz
000603,盛达矿业,SDKY,sz
000605,渤海股份,BHGF,sz
000606,青海明胶,QHMJ,sz
000607,华媒控股,HMKG,sz
000608,阳光股份,YGGF,sz
000609,绵世股份,MSGF,sz
000610,西安旅游,XALY,sz
000611,*ST蒙发,*STMF,sz
000612,焦作万方,JZWF,sz
000613,大东海A,DDHA,sz
000615,湖北金环,HBJH,sz
000616,海航投资,HHTZ,sz
000617,石油济柴,SYJC,sz
000619,海螺型材,HLXC,sz
000620,新华联,XHL,sz
000622,恒立实业,HLSY,sz
000623,吉林敖东,JLAD,sz
000625,长安汽车,CAQC,sz
000626,如意集团,RYJT,sz
000627,天茂集团,TMJT,sz
000628,高新发展,GXFZ,sz
000629,攀钢钒钛,PGFT,sz
000630,铜陵有色,TLYS,sz
000631,顺发恒业,SFHY,sz
000632,三木集团,SMJT,sz
000633,合金投资,HJTZ,sz
000635,英 力 特,YLT,sz
000636,风华高科,FHGK,sz
000637,茂化实华,MHSH,sz
000638,万方发展,WFFZ,sz
000639,西王食品,XWSP,sz
000650,仁和药业,RHYY,sz
000651,格力电器,GLDQ,sz
000652,泰达股份,TDGF,sz
000655,金岭矿业,JLKY,sz
000656,金科股份,JKGF,sz
000657,中钨高新,ZWGX,sz
000659,*ST中富,*STZF,sz
000661,长春高新,CCGX,sz
000662,索芙特,SFT,sz
000663,永安林业,YALY,sz
000665,湖北广电,HBGD,sz
000666,经纬纺机,JWFJ,sz
000667,美好集团,MHJT,sz
000668,荣丰控股,RFKG,sz
000669,金鸿能源,JHNY,sz
000670,盈方微,YFW,sz
000671,阳 光 城,YGC,sz
000672,上峰水泥,SFSN,sz
000673,当代东方,DDDF,sz
000676,智度投资,ZDTZ,sz
000677,*ST海龙,*STHL,sz
000678,襄阳轴承,XYZC,sz
000679,大连友谊,DLYY,sz
000680,山推股份,STGF,sz
000681,视觉中国,SJZG,sz
000682,东方电子,DFDZ,sz
000683,远兴能源,YXNY,sz
000685,中山公用,ZSGY,sz
000686,东北证券,DBZQ,sz
000687,华讯方舟,HXFZ,sz
000688,建新矿业,JXKY,sz
000690,宝新能源,BXNY,sz
000691,亚太实业,YTSY,sz
000692,惠天热电,HTRD,sz
000693,华泽钴镍,HZGN,sz
000695,滨海能源,BHNY,sz
000696,96国债⑹,96GZ(6,sz
000697,炼石有色,LSYS,sz
000698,沈阳化工,SYHG,sz
000700,模塑科技,MSKJ,sz
000701,厦门信达,XMXD,sz
000702,正虹科技,ZHKJ,sz
000703,恒逸石化,HYSH,sz
000705,浙江震元,ZJZY,sz
000707,双环科技,SHKJ,sz
000708,大冶特钢,DYTG,sz
000709,河钢股份,HGGF,sz
000710,天兴仪表,TXYB,sz
000711,京蓝科技,JLKJ,sz
000712,锦龙股份,JLGF,sz
000713,丰乐种业,FLZY,sz
000715,中兴商业,ZXSY,sz
000716,黑芝麻,HZM,sz
000717,韶钢松山,SGSS,sz
000718,苏宁环球,SNHQ,sz
000719,大地传媒,DDCM,sz
000720,新能泰山,XNTS,sz
000721,西安饮食,XAYS,sz
000722,湖南发展,HNFZ,sz
000723,美锦能源,MJNY,sz
000725,京东方Ａ,JDFA,sz
000726,鲁 泰Ａ,LTA,sz
000727,华东科技,HDKJ,sz
000728,国元证券,GYZQ,sz
000729,燕京啤酒,YJPJ,sz
000731,四川美丰,SCMF,sz
000732,泰禾集团,THJT,sz
000733,振华科技,ZHKJ,sz
000735,罗 牛 山,LNS,sz
000736,中房地产,ZFDC,sz
000737,南风化工,NFHG,sz
000738,中航动控,ZHDK,sz
000739,普洛药业,PLYY,sz
000748,长城信息,CCXX,sz
000750,国海证券,GHZQ,sz
000751,锌业股份,XYGF,sz
000752,西藏发展,XZFZ,sz
000753,漳州发展,ZZFZ,sz
000755,山西三维,SXSW,sz
000756,新华制药,XHZY,sz
000757,浩物股份,HWGF,sz
000758,中色股份,ZSGF,sz
000759,中百集团,ZBJT,sz
000760,斯太尔,STE,sz
000761,本钢板材,BGBC,sz
000762,西藏矿业,XZKY,sz
000766,通化金马,THJM,sz
000767,漳泽电力,ZZDL,sz
000768,中航飞机,ZHFJ,sz
000776,广发证券,GFZQ,sz
000777,中核科技,ZHKJ,sz
000778,新兴铸管,XXZG,sz
000779,三毛派神,SMPS,sz
000780,平庄能源,PZNY,sz
000782,美达股份,MDGF,sz
000783,长江证券,CJZQ,sz
000785,武汉中商,WHZS,sz
000786,北新建材,BXJC,sz
000788,北大医药,BDYY,sz
000789,万年青,WNQ,sz
000790,华神集团,HSJT,sz
000791,甘肃电投,GSDT,sz
000792,盐湖股份,YHGF,sz
000793,华闻传媒,HWCM,sz
000795,英洛华,YLH,sz
000796,凯撒旅游,KSLY,sz
000797,中国武夷,ZGWY,sz
000798,中水渔业,ZSYY,sz
000799,*ST酒鬼,*STJG,sz
000800,一汽轿车,YQJC,sz
000801,四川九洲,SCJZ,sz
000801,资源80,ZY80,sz
000802,北京文化,BJWH,sz
000802,500沪市,500HS,sz
000803,金宇车城,JYCC,sz
000803,300波动,300BD,sz
000804,500波动,500BD,sz
000805,A股资源,AGZY,sz
000806,银河生物,YHSW,sz
000806,消费服务,XFFW,sz
000807,云铝股份,YLGF,sz
000807,食品饮料,SPYL,sz
000808,医药生物,YYSW,sz
000809,铁岭新城,TLXC,sz
000809,细分农业,XFNY,sz
000810,创维数字,CWSZ,sz
000810,细分能源,XFNY,sz
000811,烟台冰轮,YTBL,sz
000811,细分有色,XFYS,sz
000812,陕西金叶,SXJY,sz
000812,细分机械,XFJX,sz
000813,天山纺织,TSFZ,sz
000813,细分化工,XFHG,sz
000814,细分医药,XFYY,sz
000815,*ST美利,*STML,sz
000815,细分食品,XFSP,sz
000816,智慧农业,ZHNY,sz
000816,细分地产,XFDC,sz
000817,兴证海峡,XZHX,sz
000818,方大化工,FDHG,sz
000818,细分金融,XFJR,sz
000819,岳阳兴长,YYXC,sz
000819,有色金属,YSJS,sz
000820,金城股份,JCGF,sz
000820,煤炭指数,MTZS,sz
000821,京山轻机,JSQJ,sz
000821,300红利,300HL,sz
000822,山东海化,SDHH,sz
000822,500红利,500HL,sz
000823,超声电子,CSDZ,sz
000823,800有色,800YS,sz
000824,国企红利,GQHL,sz
000825,太钢不锈,TGBX,sz
000825,央企红利,YQHL,sz
000826,启迪桑德,QDSD,sz
000826,民企红利,MQHL,sz
000827,中证环保,ZZHB,sz
000828,东莞控股,DGKG,sz
000828,300高贝,300GB,sz
000829,天音控股,TYKG,sz
000829,300低贝,300DB,sz
000830,鲁西化工,LXHG,sz
000830,500高贝,500GB,sz
000831,五矿稀土,WKXT,sz
000831,500低贝,500DB,sz
000832,中证转债,ZZZZ,sz
000833,贵糖股份,GTGF,sz
000833,中高企债,ZGQZ,sz
000835,长城动漫,CCDM,sz
000836,鑫茂科技,XMKJ,sz
000837,秦川机床,QCJC,sz
000838,财信发展,CXFZ,sz
000838,创业价值,CYJZ,sz
000839,中信国安,ZXGA,sz
000839,浙企综指,ZQZZ,sz
000840,浙江民企,ZJMQ,sz
000841,800医药,800YY,sz
000842,800等权,800DQ,sz
000843,300动态,300DT,sz
000844,300稳定,300WD,sz
000846,ESG 100,ESG 10,sz
000847,中证腾安,ZZTA,sz
000848,承德露露,CDLL,sz
000849,300非银,300FY,sz
000850,华茂股份,HMGF,sz
000850,300有色,300YS,sz
000851,高鸿股份,GHGF,sz
000851,百发100,mf100,sz
000852,石化机械,SHJX,sz
000856,冀东装备,JDZB,sz
000858,五 粮 液,WLY,sz
000859,国风塑业,GFSY,sz
000860,顺鑫农业,SXNY,sz
000861,海印股份,HYGF,sz
000862,银星能源,YXNY,sz
000863,三湘股份,SXGF,sz
000868,安凯客车,AKKC,sz
000869,张 裕Ａ,ZYA,sz
000875,吉电股份,JDGF,sz
000876,新 希 望,XXW,sz
000877,天山股份,TSGF,sz
000878,云南铜业,YNTY,sz
000880,潍柴重机,WCZJ,sz
000881,大连国际,DLGJ,sz
000882,华联股份,HLGF,sz
000883,湖北能源,HBNY,sz
000885,同力水泥,TLSN,sz
000886,海南高速,HNGS,sz
000887,中鼎股份,ZDGF,sz
000888,峨眉山Ａ,EMSA,sz
000889,茂业通信,MYTX,sz
000890,法 尔 胜,FES,sz
000892,星美联合,XMLH,sz
000893,东凌国际,DLGJ,sz
000895,双汇发展,SHFZ,sz
000896,96国债⑻,96GZ(8,sz
000897,津滨发展,JBFZ,sz
000898,鞍钢股份,AGGF,sz
000899,赣能股份,GNGF,sz
000900,现代投资,XDTZ,sz
000901,航天科技,HTKJ,sz
000901,小康指数,XKZS,sz
000902,新洋丰,XYF,sz
000902,中证流通,ZZLT,sz
000903,云内动力,YNDL,sz
000903,中证100,ZZ100,sz
000904,中证200,ZZ200,sz
000905,厦门港务,XMGW,sz
000905,中证500,ZZ500,sz
000906,物产中拓,WCZT,sz
000906,中证800,ZZ800,sz
000907,中证700,ZZ700,sz
000908,景峰医药,JFYY,sz
000908,300能源,300NY,sz
000909,数源科技,SYKJ,sz
000909,300材料,300CL,sz
000910,大亚科技,DYKJ,sz
000910,300工业,300GY,sz
000911,南宁糖业,NNTY,sz
000911,300可选,300KX,sz
000912,泸天化,LTH,sz
000912,300消费,300XF,sz
000913,钱江摩托,QJMT,sz
000913,300医药,300YY,sz
000914,300金融,300JR,sz
000915,山大华特,SDHT,sz
000915,300信息,300XX,sz
000916,华北高速,HBGS,sz
000916,300电信,300DX,sz
000917,电广传媒,DGCM,sz
000917,300公用,300GY,sz
000918,嘉凯城,JKC,sz
000918,300成长,300CC,sz
000919,金陵药业,JLYY,sz
000919,300价值,300JZ,sz
000920,南方汇通,NFHT,sz
000920,300R成长,300RCC,sz
000921,海信科龙,HXKL,sz
000921,300R价值,300RJZ,sz
000922,佳电股份,JDGF,sz
000922,中证红利,ZZHL,sz
000923,河北宣工,HBXG,sz
000923,公司债,GSZ,sz
000924,分离债,FLZ,sz
000925,众合科技,ZHKJ,sz
000925,基本面50,JBM50,sz
000926,福星股份,FXGF,sz
000926,中证央企,ZZYQ,sz
000927,*ST夏利,*STXL,sz
000927,央企100,YQ100,sz
000928,中钢国际,ZGGJ,sz
000928,中证能源,ZZNY,sz
000929,兰州黄河,LZHH,sz
000929,中证材料,ZZCL,sz
000930,中粮生化,ZLSH,sz
000930,中证工业,ZZGY,sz
000931,中 关 村,ZGC,sz
000931,中证可选,ZZKX,sz
000932,华菱钢铁,HLGT,sz
000932,中证消费,ZZXF,sz
000933,神火股份,SHGF,sz
000933,中证医药,ZZYY,sz
000934,中证金融,ZZJR,sz
000935,四川双马,SCSM,sz
000935,中证信息,ZZXX,sz
000936,华西股份,HXGF,sz
000936,中证电信,ZZDX,sz
000937,冀中能源,JZNY,sz
000937,中证公用,ZZGY,sz
000938,紫光股份,ZGGF,sz
000938,中证民企,ZZMQ,sz
000939,凯迪生态,KDST,sz
000939,民企200,MQ200,sz
000940,财富大盘,CFDP,sz
000941,新能源,XNY,sz
000942,内地消费,NDXF,sz
000943,内地基建,NDJJ,sz
000944,内地资源,NDZY,sz
000945,内地运输,NDYS,sz
000946,内地金融,NDJR,sz
000947,内地银行,NDYX,sz
000948,南天信息,NTXX,sz
000948,内地地产,NDDC,sz
000949,新乡化纤,XXHX,sz
000949,内地农业,NDNY,sz
000950,建峰化工,JFHG,sz
000950,300基建,300JJ,sz
000951,中国重汽,ZGZQ,sz
000951,300银行,300YX,sz
000952,广济药业,GJYY,sz
000952,300地产,300DC,sz
000953,河池化工,HCHG,sz
000953,中证地企,ZZDQ,sz
000954,地企100,DQ100,sz
000955,欣龙控股,XLKG,sz
000955,中证国企,ZZGQ,sz
000956,国企200,GQ200,sz
000957,中通客车,ZTKC,sz
000957,300运输,300YS,sz
000958,东方能源,DFNY,sz
000958,创业成长,CYCC,sz
000959,首钢股份,SGGF,sz
000959,银河99,YH99,sz
000960,锡业股份,XYGF,sz
000960,中证龙头,ZZLT,sz
000961,中南建设,ZNJS,sz
000961,中证上游,ZZSY,sz
000962,东方钽业,DFTY,sz
000962,中证中游,ZZZY,sz
000963,华东医药,HDYY,sz
000963,中证下游,ZZXY,sz
000964,中证新兴,ZZXX,sz
000965,天保基建,TBJJ,sz
000965,基本200,JB200,sz
000966,长源电力,CYDL,sz
000966,基本400,JB400,sz
000967,盈峰环境,YFHJ,sz
000967,基本600,JB600,sz
000968,煤 气 化,MQH,sz
000968,300周期,300ZQ,sz
000969,安泰科技,ATKJ,sz
000969,300非周,300FZ,sz
000970,中科三环,ZKSH,sz
000970,ESG 40,ESG 40,sz
000971,高升控股,GSKG,sz
000971,等权90,DQ90,sz
000972,新中基,XZJ,sz
000972,300沪市,300HS,sz
000973,佛塑科技,FSKJ,sz
000973,技术领先,JSLX,sz
000974,800金融,800JR,sz
000975,银泰资源,YTZY,sz
000975,钱江30,QJ30,sz
000976,春晖股份,CHGF,sz
000976,新华金牛,XHJN,sz
000977,浪潮信息,LCXX,sz
000977,内地低碳,NDDT,sz
000978,桂林旅游,GLLY,sz
000978,医药100,YY100,sz
000979,中弘股份,ZHGF,sz
000979,大宗商品,DZSP,sz
000980,金马股份,JMGF,sz
000980,中证超大,ZZCD,sz
000981,银亿股份,YYGF,sz
000981,300分层,300FC,sz
000982,中银绒业,ZYRY,sz
000982,500等权,500DQ,sz
000983,西山煤电,XSMD,sz
000983,智能资产,ZNZC,sz
000984,300等权,300DQ,sz
000985,大庆华科,DQHK,sz
000985,中证全指,ZZQZ,sz
000986,全指能源,QZNY,sz
000987,广州友谊,GZYY,sz
000987,全指材料,QZCL,sz
000988,华工科技,HGKJ,sz
000988,全指工业,QZGY,sz
000989,九 芝 堂,JZT,sz
000989,全指可选,QZKX,sz
000990,诚志股份,CZGF,sz
000990,全指消费,QZXF,sz
000991,全指医药,QZYY,sz
000992,全指金融,QZJR,sz
000993,闽东电力,MDDL,sz
000993,全指信息,QZXX,sz
000994,全指电信,QZDX,sz
000995,*ST皇台,*STHT,sz
000995,全指公用,QZGY,sz
000996,中国中期,ZGZQ,sz
000996,领先行业,LXXY,sz
000997,新 大 陆,XDL,sz
000997,大消费,DXF,sz
000998,隆平高科,LPGK,sz
000998,中证TMT,ZZTMT,sz
000999,华润三九,HRSJ,sz
000999,两岸三地,LASD,sz
002001,新 和 成,XHC,sz
002002,鸿达兴业,HDXY,sz
002003,伟星股份,WXGF,sz
002004,华邦健康,HBJK,sz
002005,德豪润达,DHRD,sz
002006,精功科技,JGKJ,sz
002007,华兰生物,HLSW,sz
002008,大族激光,DZJG,sz
002009,天奇股份,TQGF,sz
002010,传化股份,CHGF,sz
002011,盾安环境,DAHJ,sz
002012,凯恩股份,KEGF,sz
002013,中航机电,ZHJD,sz
002014,永新股份,YXGF,sz
002015,霞客环保,XKHB,sz
002016,世荣兆业,SRZY,sz
002017,东信和平,DXHP,sz
002018,华信国际,HXGJ,sz
002019,亿帆鑫富,YFXF,sz
002020,京新药业,JXYY,sz
002021,中捷资源,ZJZY,sz
002022,科华生物,KHSW,sz
002023,海特高新,HTGX,sz
002024,苏宁云商,SNYS,sz
002025,航天电器,HTDQ,sz
002026,山东威达,SDWD,sz
002027,七喜控股,QXKG,sz
002028,思源电气,SYDQ,sz
002029,七 匹 狼,QPL,sz
002030,达安基因,DAJY,sz
002031,巨轮智能,JLZN,sz
002032,苏 泊 尔,SBE,sz
002033,丽江旅游,LJLY,sz
002034,美 欣 达,MXD,sz
002035,华帝股份,HDGF,sz
002036,联创电子,LCDZ,sz
002037,久联发展,JLFZ,sz
002038,双鹭药业,SLYY,sz
002039,黔源电力,QYDL,sz
002040,南 京 港,NJG,sz
002041,登海种业,DHZY,sz
002042,华孚色纺,HFSF,sz
002043,兔 宝 宝,TBB,sz
002044,美年健康,MNJK,sz
002045,国光电器,GGDQ,sz
002046,轴研科技,ZYKJ,sz
002047,宝鹰股份,BYGF,sz
002048,宁波华翔,NBHX,sz
002049,同方国芯,TFGX,sz
002050,三花股份,SHGF,sz
002051,中工国际,ZGGJ,sz
002052,同洲电子,TZDZ,sz
002053,云南盐化,YNYH,sz
002054,德美化工,DMHG,sz
002055,得润电子,DRDZ,sz
002056,横店东磁,HDDC,sz
002057,中钢天源,ZGTY,sz
002058,威 尔 泰,WET,sz
002059,云南旅游,YNLY,sz
002060,粤 水 电,YSD,sz
002061,*ST江化,*STJH,sz
002062,宏润建设,HRJS,sz
002063,远光软件,YGRJ,sz
002064,华峰氨纶,HFAL,sz
002065,东华软件,DHRJ,sz
002066,瑞泰科技,RTKJ,sz
002067,景兴纸业,JXZY,sz
002068,黑猫股份,HMGF,sz
002069,獐 子 岛,ZZD,sz
002070,众和股份,ZHGF,sz
002071,长城影视,CCYS,sz
002072,凯瑞德,KRD,sz
002073,软控股份,RKGF,sz
002074,国轩高科,GXGK,sz
002075,沙钢股份,SGGF,sz
002076,雪 莱 特,XLT,sz
002077,大港股份,DGGF,sz
002078,太阳纸业,TYZY,sz
002079,苏州固锝,SZGD,sz
002080,中材科技,ZCKJ,sz
002081,金 螳 螂,JTL,sz
002082,栋梁新材,DLXC,sz
002083,孚日股份,FRGF,sz
002084,海鸥卫浴,HOWY,sz
002085,万丰奥威,WFAW,sz
002086,东方海洋,DFHY,sz
002087,新野纺织,XYFZ,sz
002088,鲁阳节能,LYJN,sz
002089,新 海 宜,XHY,sz
002090,金智科技,JZKJ,sz
002091,江苏国泰,JSGT,sz
002092,中泰化学,ZTHX,sz
002093,国脉科技,GMKJ,sz
002094,青岛金王,QDJW,sz
002095,生 意 宝,SYB,sz
002096,南岭民爆,NLMB,sz
002097,山河智能,SHZN,sz
002098,浔兴股份,XXGF,sz
002099,海翔药业,HXYY,sz
002100,天康生物,TKSW,sz
002101,广东鸿图,GDHT,sz
002102,冠福股份,GFGF,sz
002103,广博股份,GBGF,sz
002104,恒宝股份,HBGF,sz
002105,信隆实业,XLSY,sz
002106,莱宝高科,LBGK,sz
002107,沃华医药,WHYY,sz
002108,沧州明珠,CZMZ,sz
002109,*ST兴化,*STXH,sz
002110,三钢闽光,SGMG,sz
002111,威海广泰,WHGT,sz
002112,三变科技,SBKJ,sz
002113,天润控股,TRKG,sz
002114,罗平锌电,LPXD,sz
002115,三维通信,SWTX,sz
002116,中国海诚,ZGHC,sz
002117,东港股份,DGGF,sz
002118,紫鑫药业,ZXYY,sz
002119,康强电子,KQDZ,sz
002120,新海股份,XHGF,sz
002121,科陆电子,KLDZ,sz
002122,天马股份,TMGF,sz
002123,荣信股份,RXGF,sz
002124,天邦股份,TBGF,sz
002125,湘潭电化,XTDH,sz
002126,银轮股份,YLGF,sz
002127,南极电商,NJDS,sz
002128,露天煤业,LTMY,sz
002129,中环股份,ZHGF,sz
002130,沃尔核材,WEHC,sz
002131,利欧股份,LOGF,sz
002132,恒星科技,HXKJ,sz
002133,广宇集团,GYJT,sz
002134,天津普林,TJPL,sz
002135,东南网架,DNWJ,sz
002136,安 纳 达,AND,sz
002137,麦达数字,MDSZ,sz
002138,顺络电子,SLDZ,sz
002139,拓邦股份,TBGF,sz
002140,东华科技,DHKJ,sz
002141,蓉胜超微,RSCW,sz
002142,宁波银行,NBYH,sz
002143,印纪传媒,YJCM,sz
002144,宏达高科,HDGK,sz
002145,中核钛白,ZHTB,sz
002146,荣盛发展,RSFZ,sz
002147,方圆支承,FYZC,sz
002148,北纬通信,BWTX,sz
002149,西部材料,XBCL,sz
002150,通润装备,TRZB,sz
002151,北斗星通,BDXT,sz
002152,广电运通,GDYT,sz
002153,石基信息,SJXX,sz
002154,报 喜 鸟,BXN,sz
002155,湖南黄金,HNHJ,sz
002156,通富微电,TFWD,sz
002157,正邦科技,ZBKJ,sz
002158,汉钟精机,HZJJ,sz
002159,三特索道,STSD,sz
002160,常铝股份,CLGF,sz
002161,远 望 谷,YWG,sz
002162,悦心健康,YXJK,sz
002163,中航三鑫,ZHSX,sz
002164,宁波东力,NBDL,sz
002165,红 宝 丽,HBL,sz
002166,莱茵生物,LYSW,sz
002167,东方锆业,DFGY,sz
002168,深圳惠程,SZHC,sz
002169,智光电气,ZGDQ,sz
002170,芭田股份,BTGF,sz
002171,楚江新材,CJXC,sz
002172,澳洋科技,AYKJ,sz
002173,千足珍珠,QZZZ,sz
002174,游族网络,YZWL,sz
002175,东方网络,DFWL,sz
002176,江特电机,JTDJ,sz
002177,御银股份,YYGF,sz
002178,延华智能,YHZN,sz
002179,中航光电,ZHGD,sz
002180,艾派克,APK,sz
002181,粤 传 媒,YCM,sz
002182,云海金属,YHJS,sz
002183,怡 亚 通,YYT,sz
002184,海得控制,HDKZ,sz
002185,华天科技,HTKJ,sz
002186,全 聚 德,QJD,sz
002187,广百股份,GBGF,sz
002188,巴士在线,BSZX,sz
002189,利达光电,LDGD,sz
002190,成飞集成,CFJC,sz
002191,劲嘉股份,JJGF,sz
002192,融捷股份,RJGF,sz
002193,山东如意,SDRY,sz
002194,武汉凡谷,WHFG,sz
002195,二三四五,ESSW,sz
002196,方正电机,FZDJ,sz
002197,证通电子,ZTDZ,sz
002198,嘉应制药,JYZY,sz
002199,东晶电子,DJDZ,sz
002200,云投生态,YTST,sz
002201,九鼎新材,JDXC,sz
002202,金风科技,JFKJ,sz
002203,海亮股份,HLGF,sz
002204,大连重工,DLZG,sz
002205,国统股份,GTGF,sz
002206,海 利 得,HLD,sz
002207,准油股份,ZYGF,sz
002208,合肥城建,HFCJ,sz
002209,达 意 隆,DYL,sz
002210,飞马国际,FMGJ,sz
002211,宏达新材,HDXC,sz
002212,南洋股份,NYGF,sz
002213,特 尔 佳,TEJ,sz
002214,大立科技,DLKJ,sz
002215,诺 普 信,NPX,sz
002216,三全食品,SQSP,sz
002217,合力泰,HLT,sz
002218,拓日新能,TRXN,sz
002219,恒康医疗,HKYL,sz
002220,天宝股份,TBGF,sz
002221,东华能源,DHNY,sz
002222,福晶科技,FJKJ,sz
002223,鱼跃医疗,YYYL,sz
002224,三 力 士,SLS,sz
002225,濮耐股份,PNGF,sz
002226,江南化工,JNHG,sz
002227,奥 特 迅,ATX,sz
002228,合兴包装,HXBZ,sz
002229,鸿博股份,HBGF,sz
002230,科大讯飞,KDXF,sz
002231,奥维通信,AWTX,sz
002232,启明信息,QMXX,sz
002233,塔牌集团,TPJT,sz
002234,民和股份,MHGF,sz
002235,安妮股份,ANGF,sz
002236,大华股份,DHGF,sz
002237,恒邦股份,HBGF,sz
002238,天威视讯,TWSX,sz
002239,奥特佳,ATJ,sz
002240,威华股份,WHGF,sz
002241,歌尔声学,GESX,sz
002242,九阳股份,JYGF,sz
002243,通产丽星,TCLX,sz
002244,滨江集团,BJJT,sz
002245,澳洋顺昌,AYSC,sz
002246,北化股份,BHGF,sz
002247,帝龙新材,DLXC,sz
002248,华东数控,HDSK,sz
002249,大洋电机,DYDJ,sz
002250,联化科技,LHKJ,sz
002251,步 步 高,BBG,sz
002252,上海莱士,SHLS,sz
002253,川大智胜,CDZS,sz
002254,泰和新材,THXC,sz
002255,海陆重工,HLZG,sz
002256,彩虹精化,CHJH,sz
002257,立立电子,LLDZ,sz
002258,利尔化学,LEHX,sz
002259,升达林业,SDLY,sz
002260,德奥通航,DATH,sz
002261,拓维信息,TWXX,sz
002262,恩华药业,EHYY,sz
002263,大 东 南,DDN,sz
002264,新 华 都,XHD,sz
002265,西仪股份,XYGF,sz
002266,浙富控股,ZFKG,sz
002267,陕天然气,STRQ,sz
002268,卫 士 通,WST,sz
002269,美邦服饰,MBFS,sz
002270,法因数控,FYSK,sz
002271,东方雨虹,DFYH,sz
002272,川润股份,CRGF,sz
002273,水晶光电,SJGD,sz
002274,华昌化工,HCHG,sz
002275,桂林三金,GLSJ,sz
002276,万马股份,WMGF,sz
002277,友阿股份,YAGF,sz
002278,神开股份,SKGF,sz
002279,久其软件,JQRJ,sz
002280,联络互动,LLHD,sz
002281,光迅科技,GXKJ,sz
002282,博深工具,BSGJ,sz
002283,天润曲轴,TRQZ,sz
002284,亚太股份,YTGF,sz
002285,世联行,SLH,sz
002286,保龄宝,BLB,sz
002287,奇正藏药,QZZY,sz
002288,超华科技,CHKJ,sz
002289,宇顺电子,YSDZ,sz
002290,禾盛新材,HSXC,sz
002291,星期六,XQL,sz
002292,奥飞动漫,AFYL,sz
002293,罗莱生活,LLSH,sz
002294,信立泰,XLT,sz
002295,精艺股份,JYGF,sz
002296,辉煌科技,HHKJ,sz
002297,博云新材,BYXC,sz
002298,中电鑫龙,ZDXL,sz
002299,圣农发展,SNFZ,sz
002300,太阳电缆,TYDL,sz
002301,齐心集团,QXJT,sz
002302,西部建设,XBJS,sz
002303,美盈森,MYS,sz
002304,洋河股份,YHGF,sz
002305,南国置业,NGZY,sz
002306,*ST云网,*STYG,sz
002307,北新路桥,BXLQ,sz
002308,威创股份,WCGF,sz
002309,中利科技,ZLKJ,sz
002310,东方园林,DFYL,sz
002311,海大集团,HDJT,sz
002312,三泰控股,STKG,sz
002313,日海通讯,RHTX,sz
002314,南山控股,NSKG,sz
002315,焦点科技,JDKJ,sz
002316,键桥通讯,JQTX,sz
002317,众生药业,ZSYY,sz
002318,久立特材,JLTC,sz
002319,乐通股份,LTGF,sz
002320,海峡股份,HXGF,sz
002321,华英农业,HYNY,sz
002322,理工监测,LGJC,sz
002323,雅百特,YBT,sz
002324,普利特,PLT,sz
002325,洪涛股份,HTGF,sz
002326,永太科技,YTKJ,sz
002327,富安娜,FAN,sz
002328,新朋股份,XPGF,sz
002329,皇氏集团,HSJT,sz
002330,得利斯,DLS,sz
002331,皖通科技,WTKJ,sz
002332,仙琚制药,XJZY,sz
002333,罗普斯金,LPSJ,sz
002334,英威腾,YWT,sz
002335,科华恒盛,KHHS,sz
002336,人人乐,RRL,sz
002337,赛象科技,SXKJ,sz
002338,奥普光电,APGD,sz
002339,积成电子,JCDZ,sz
002340,格林美,GLM,sz
002341,新纶科技,XLKJ,sz
002342,巨力索具,JLSJ,sz
002343,慈文传媒,CWCM,sz
002344,海宁皮城,HNPC,sz
002345,潮宏基,CHJ,sz
002346,柘中股份,ZZGF,sz
002347,泰尔重工,TEZG,sz
002348,高乐股份,GLGF,sz
002349,精华制药,JHZY,sz
002350,北京科锐,BJKR,sz
002351,漫步者,MBZ,sz
002352,鼎泰新材,DTXC,sz
002353,杰瑞股份,JRGF,sz
002354,天神娱乐,TSYL,sz
002355,兴民钢圈,XMGQ,sz
002356,浩宁达,HND,sz
002357,富临运业,FLYY,sz
002358,森源电气,SYDQ,sz
002359,齐星铁塔,QXTT,sz
002360,同德化工,TDHG,sz
002361,神剑股份,SJGF,sz
002362,汉王科技,HWKJ,sz
002363,隆基机械,LJJX,sz
002364,中恒电气,ZHDQ,sz
002365,永安药业,YAYY,sz
002366,台海核电,THHD,sz
002367,康力电梯,KLDT,sz
002368,太极股份,TJGF,sz
002369,卓翼科技,ZYKJ,sz
002370,亚太药业,YTYY,sz
002371,七星电子,QXDZ,sz
002372,伟星新材,WXXC,sz
002373,千方科技,QFKJ,sz
002374,丽鹏股份,LPGF,sz
002375,亚厦股份,YSGF,sz
002376,新北洋,XBY,sz
002377,国创高新,GCGX,sz
002378,章源钨业,ZYWY,sz
002379,鲁丰环保,LFHB,sz
002380,科远股份,KYGF,sz
002381,双箭股份,SJGF,sz
002382,蓝帆医疗,LFYL,sz
002383,合众思壮,HZSZ,sz
002384,东山精密,DSJM,sz
002385,大北农,DBN,sz
002386,天原集团,TYJT,sz
002387,黑牛食品,HNSP,sz
002388,新亚制程,XYZC,sz
002389,南洋科技,NYKJ,sz
002390,信邦制药,XBZY,sz
002391,长青股份,CQGF,sz
002392,北京利尔,BJLE,sz
002393,力生制药,LSZY,sz
002394,联发股份,LFGF,sz
002395,双象股份,SXGF,sz
002396,星网锐捷,XWRJ,sz
002397,梦洁家纺,MJJF,sz
002398,建研集团,JYJT,sz
002399,海普瑞,HPR,sz
002400,省广股份,SGGF,sz
002401,中海科技,ZHKJ,sz
002402,和而泰,HET,sz
002403,爱仕达,ASD,sz
002404,嘉欣丝绸,JXSC,sz
002405,四维图新,SWTX,sz
002406,远东传动,YDCD,sz
002407,多氟多,DFD,sz
002408,齐翔腾达,QXTD,sz
002409,雅克科技,YKKJ,sz
002410,广联达,GLD,sz
002411,必康股份,BKGF,sz
002412,汉森制药,HSZY,sz
002413,雷科防务,LKFW,sz
002414,高德红外,GDHW,sz
002415,海康威视,HKWS,sz
002416,爱施德,ASD,sz
002417,*ST元达,*STYD,sz
002418,康盛股份,KSGF,sz
002419,天虹商场,THSC,sz
002420,毅昌股份,YCGF,sz
002421,达实智能,DSZN,sz
002422,科伦药业,KLYY,sz
002423,中原特钢,ZYTG,sz
002424,贵州百灵,GZBL,sz
002425,凯撒股份,KSGF,sz
002426,胜利精密,SLJM,sz
002427,尤夫股份,YFGF,sz
002428,云南锗业,YNZY,sz
002429,兆驰股份,ZCGF,sz
002430,杭氧股份,HYGF,sz
002431,棕榈园林,ZLYL,sz
002432,九安医疗,JAYL,sz
002433,太安堂,TAT,sz
002434,万里扬,WLY,sz
002435,长江润发,CJRF,sz
002436,兴森科技,XSKJ,sz
002437,誉衡药业,YHYY,sz
002438,江苏神通,JSST,sz
002439,启明星辰,QMXC,sz
002440,闰土股份,RTGF,sz
002441,众业达,ZYD,sz
002442,龙星化工,LXHG,sz
002443,金洲管道,JZGD,sz
002444,巨星科技,JXKJ,sz
002445,中南重工,ZNH,sz
002446,盛路通信,SLTX,sz
002447,壹桥海参,YQHS,sz
002448,中原内配,ZYNP,sz
002449,国星光电,GXGD,sz
002450,康得新,KDX,sz
002451,摩恩电气,MEDQ,sz
002452,长高集团,CGJT,sz
002453,天马精化,TMJH,sz
002454,松芝股份,SZGF,sz
002455,百川股份,BCGF,sz
002456,欧菲光,OFG,sz
002457,青龙管业,QLGY,sz
002458,益生股份,YSGF,sz
002459,天业通联,TYTL,sz
002460,赣锋锂业,GFLY,sz
002461,珠江啤酒,ZJPJ,sz
002462,嘉事堂,JST,sz
002463,沪电股份,HDGF,sz
002464,金利科技,JLKJ,sz
002465,海格通信,HGTX,sz
002466,天齐锂业,TQLY,sz
002467,二六三,ELS,sz
002468,艾迪西,ADX,sz
002469,三维工程,SWGC,sz
002470,金正大,JZD,sz
002471,中超控股,ZCKG,sz
002472,双环传动,SHCD,sz
002473,圣莱达,SLD,sz
002474,榕基软件,RJRJ,sz
002475,立讯精密,LXJM,sz
002476,宝莫股份,BMGF,sz
002477,雏鹰农牧,CYNM,sz
002478,常宝股份,CBGF,sz
002479,富春环保,FCHB,sz
002480,新筑股份,XZGF,sz
002481,双塔食品,STSP,sz
002482,广田股份,GTGF,sz
002483,润邦股份,RBGF,sz
002484,江海股份,JHGF,sz
002485,希努尔,XNE,sz
002486,嘉麟杰,JLJ,sz
002487,大金重工,DJZG,sz
002488,金固股份,JGGF,sz
002489,浙江永强,ZJYQ,sz
002490,山东墨龙,SDML,sz
002491,通鼎互联,TDHL,sz
002492,恒基达鑫,HJDX,sz
002493,荣盛石化,RSSH,sz
002494,华斯股份,HSGF,sz
002495,佳隆股份,JLGF,sz
002496,辉丰股份,HFGF,sz
002497,雅化集团,YHJT,sz
002498,汉缆股份,HLGF,sz
002499,科林环保,KLHB,sz
002500,山西证券,SXZQ,sz
002501,利源精制,LYJZ,sz
002502,骅威股份,HWGF,sz
002503,搜于特,SYT,sz
002504,弘高创意,HGCY,sz
002505,大康牧业,DKMY,sz
002506,协鑫集成,XXJC,sz
002507,涪陵榨菜,FLZC,sz
002508,老板电器,LBDQ,sz
002509,天广消防,TGXF,sz
002510,天汽模,TQM,sz
002511,中顺洁柔,ZSJR,sz
002512,达华智能,DHZN,sz
002513,蓝丰生化,LFSH,sz
002514,宝馨科技,BXKJ,sz
002515,金字火腿,JZHT,sz
002516,旷达科技,KDKJ,sz
002517,恺英网络,KYWL,sz
002518,科士达,KSD,sz
002519,银河电子,YHDZ,sz
002520,日发精机,RFJJ,sz
002521,齐峰新材,QFXC,sz
002522,浙江众成,ZJZC,sz
002523,天桥起重,TQQZ,sz
002524,光正集团,GZJT,sz
002525,胜景山河,SJSH,sz
002526,山东矿机,SDKJ,sz
002527,新时达,XSD,sz
002528,英飞拓,YFT,sz
002529,海源机械,HYJX,sz
002530,丰东股份,FDGF,sz
002531,天顺风能,TSFN,sz
002532,新界泵业,XJBY,sz
002533,金杯电工,JBDG,sz
002534,杭锅股份,HGGF,sz
002535,林州重机,LZZJ,sz
002536,西泵股份,XBGF,sz
002537,海立美达,HLMD,sz
002538,司尔特,SET,sz
002539,新都化工,XDHG,sz
002540,亚太科技,YTKJ,sz
002541,鸿路钢构,HLGG,sz
002542,中化岩土,ZHYT,sz
002543,万和电气,WHDQ,sz
002544,杰赛科技,JSKJ,sz
002545,东方铁塔,DFTT,sz
002546,新联电子,XLDZ,sz
002547,春兴精工,CXJG,sz
002548,金新农,JXN,sz
002549,凯美特气,KMTQ,sz
002550,千红制药,QHZY,sz
002551,尚荣医疗,SRYL,sz
002552,宝鼎科技,BDKJ,sz
002553,南方轴承,NFZC,sz
002554,惠博普,HBP,sz
002555,三七互娱,SQHY,sz
002556,辉隆股份,HLGF,sz
002557,洽洽食品,QQSP,sz
002558,世纪游轮,SJYL,sz
002559,亚威股份,YWGF,sz
002560,通达股份,TDGF,sz
002561,徐家汇,XJH,sz
002562,兄弟科技,XDKJ,sz
002563,森马服饰,SMFS,sz
002564,天沃科技,TWKJ,sz
002565,上海绿新,SHLX,sz
002566,益盛药业,YSYY,sz
002567,唐人神,TRS,sz
002568,百润股份,BRGF,sz
002569,步森股份,BSGF,sz
002570,贝因美,BYM,sz
002571,德力股份,DLGF,sz
002572,索菲亚,SFY,sz
002573,清新环境,QXHJ,sz
002574,明牌珠宝,MPZB,sz
002575,群兴玩具,QXWJ,sz
002576,通达动力,TDDL,sz
002577,雷柏科技,LBKJ,sz
002578,闽发铝业,MFLY,sz
002579,中京电子,ZJDZ,sz
002580,圣阳股份,SYGF,sz
002581,未名医药,WMYY,sz
002582,好想你,HXN,sz
002583,海能达,HND,sz
002584,西陇科学,XLKX,sz
002585,双星新材,SXXC,sz
002586,围海股份,WHGF,sz
002587,奥拓电子,ATDZ,sz
002588,史丹利,SDL,sz
002589,瑞康医药,RKYY,sz
002590,万安科技,WAKJ,sz
002591,恒大高新,HDGX,sz
002592,八菱科技,BLKJ,sz
002593,日上集团,RSJT,sz
002594,比亚迪,BYD,sz
002595,豪迈科技,HMKJ,sz
002596,海南瑞泽,HNRZ,sz
002597,金禾实业,JHSY,sz
002598,山东章鼓,SDZG,sz
002599,盛通股份,STGF,sz
002600,江粉磁材,JFCC,sz
002601,佰利联,BLL,sz
002602,世纪华通,SJHT,sz
002603,以岭药业,YLYY,sz
002604,龙力生物,LLSW,sz
002605,姚记扑克,YJPK,sz
002606,大连电瓷,DLDC,sz
002607,亚夏汽车,YXQC,sz
002608,*ST舜船,*STSC,sz
002609,捷顺科技,JSKJ,sz
002610,爱康科技,AKKJ,sz
002611,东方精工,DFJG,sz
002612,朗姿股份,LZGF,sz
002613,北玻股份,BBGF,sz
002614,蒙发利,MFL,sz
002615,哈尔斯,HES,sz
002616,长青集团,CQJT,sz
002617,露笑科技,LXKJ,sz
002618,丹邦科技,DBKJ,sz
002619,巨龙管业,JLGY,sz
002620,瑞和股份,RHGF,sz
002621,三垒股份,SLGF,sz
002622,永大集团,YDJT,sz
002623,亚玛顿,YMD,sz
002624,完美环球,WMHQ,sz
002625,龙生股份,LSGF,sz
002626,金达威,JDW,sz
002627,宜昌交运,YCJY,sz
002628,成都路桥,CDLQ,sz
002629,仁智油服,RZYF,sz
002630,华西能源,HXNY,sz
002631,德尔未来,DEWL,sz
002632,道明光学,DMGX,sz
002633,*ST申科,*STSK,sz
002634,棒杰股份,BJGF,sz
002635,安洁科技,AJKJ,sz
002636,金安国纪,JAGJ,sz
002637,赞宇科技,ZYKJ,sz
002638,勤上光电,QSGD,sz
002639,雪人股份,XRGF,sz
002640,跨境通,KJT,sz
002641,永高股份,YGGF,sz
002642,荣之联,RZL,sz
002643,万润股份,WRGF,sz
002644,佛慈制药,FCZY,sz
002645,华宏科技,HHKJ,sz
002646,青青稞酒,QQKJ,sz
002647,宏磊股份,HLGF,sz
002648,卫星石化,WXSH,sz
002649,博彦科技,BYKJ,sz
002650,加加食品,JJSP,sz
002651,利君股份,LJGF,sz
002652,扬子新材,YZXC,sz
002653,海思科,HSK,sz
002654,万润科技,WRKJ,sz
002655,共达电声,GDDS,sz
002656,卡奴迪路,KNDL,sz
002657,中科金财,ZKJC,sz
002658,雪迪龙,XDL,sz
002659,中泰桥梁,ZTQL,sz
002660,茂硕电源,MSDY,sz
002661,克明面业,KMMY,sz
002662,京威股份,JWGF,sz
002663,普邦园林,PBYL,sz
002664,信质电机,XZDJ,sz
002665,首航节能,SHJN,sz
002666,德联集团,DLJT,sz
002667,鞍重股份,AZGF,sz
002668,奥马电器,AMDQ,sz
002669,康达新材,KDXC,sz
002670,华声股份,HSGF,sz
002671,龙泉股份,LQGF,sz
002672,东江环保,DJHB,sz
002673,西部证券,XBZQ,sz
002674,兴业科技,XYKJ,sz
002675,东诚药业,DCYY,sz
002676,顺威股份,SWGF,sz
002677,浙江美大,ZJMD,sz
002678,珠江钢琴,ZJGQ,sz
002679,福建金森,FJJS,sz
002680,长生生物,CSSW,sz
002681,奋达科技,FDKJ,sz
002682,龙洲股份,LZGF,sz
002683,宏大爆破,HDBP,sz
002684,猛狮科技,MSKJ,sz
002685,华东重机,HDZJ,sz
002686,亿利达,YLD,sz
002687,乔治白,QZB,sz
002688,金河生物,JHSW,sz
002689,远大智能,YDZN,sz
002690,美亚光电,MYGD,sz
002691,冀凯股份,JKGF,sz
002692,远程电缆,YCDL,sz
002693,双成药业,SCYY,sz
002694,顾地科技,GDKJ,sz
002695,煌上煌,HSH,sz
002696,百洋股份,BYGF,sz
002697,红旗连锁,HQLS,sz
002698,博实股份,BSGF,sz
002699,美盛文化,MSWH,sz
002700,新疆浩源,XJHY,sz
002701,奥瑞金,ARJ,sz
002702,海欣食品,HXSP,sz
002703,浙江世宝,ZJSB,sz
002705,新宝股份,XBGF,sz
002706,良信电器,LXDQ,sz
002707,众信旅游,ZXLY,sz
002708,光洋股份,GYGF,sz
002709,天赐材料,TCCL,sz
002710,慈铭体检,CMTJ,sz
002711,欧浦智网,OPZW,sz
002712,思美传媒,SMCM,sz
002713,东易日盛,DYRS,sz
002714,牧原股份,MYGF,sz
002715,登云股份,DYGF,sz
002716,金贵银业,JGYY,sz
002717,岭南园林,LNYL,sz
002718,友邦吊顶,YBDD,sz
002719,麦趣尔,MQE,sz
002720,宏良股份,HLGF,sz
002721,金一文化,JYWH,sz
002722,金轮股份,JLGF,sz
002723,金莱特,JLT,sz
002724,海洋王,HYW,sz
002725,跃岭股份,YLGF,sz
002726,龙大肉食,LDRS,sz
002727,一心堂,YXT,sz
002728,台城制药,TCZY,sz
002729,好利来,HLL,sz
002730,电光科技,DGKJ,sz
002731,萃华珠宝,CHZB,sz
002732,燕塘乳业,YTRY,sz
002733,雄韬股份,XTGF,sz
002734,利民股份,LMGF,sz
002735,王子新材,WZXC,sz
002736,国信证券,GXZQ,sz
002737,葵花药业,KHYY,sz
002738,中矿资源,ZKZY,sz
002739,万达院线,WDYX,sz
002740,爱迪尔,ADE,sz
002741,光华科技,GHKJ,sz
002742,三圣特材,SYTC,sz
002743,富煌钢构,FHGG,sz
002745,木林森,MLS,sz
002746,仙坛股份,XTGF,sz
002747,埃斯顿,ASD,sz
002748,世龙实业,SLSY,sz
002749,国光股份,GGGF,sz
002750,龙津药业,LJYY,sz
002751,易尚展示,YSZS,sz
002752,昇兴股份,SXGF,sz
002753,永东股份,YDGF,sz
002755,东方新星,DFXX,sz
002756,永兴特钢,YXTG,sz
002757,南兴装备,NXZB,sz
002758,华通医药,HTYY,sz
002759,天际股份,TJGF,sz
002760,凤形股份,FXGF,sz
002761,多喜爱,DXA,sz
002762,金发拉比,JFLB,sz
002763,汇洁股份,HJGF,sz
002765,蓝黛传动,LDCD,sz
002766,索菱股份,SLGF,sz
002767,先锋电子,XFDZ,sz
002768,国恩股份,GEGF,sz
002769,普路通,PLT,sz
002770,科迪乳业,KDRY,sz
002771,真视通,ZST,sz
002772,众兴菌业,ZXJY,sz
002773,康弘药业,KHYY,sz
002775,文科园林,WKYL,sz
002776,柏堡龙,BBL,sz
002777,久远银海,JYYH,sz
002778,高科石化,GKSH,sz
002779,中坚科技,ZJKJ,sz
002780,三夫户外,SFHW,sz
002781,奇信股份,QXGF,sz
002782,可立克,KLK,sz
002783,凯龙股份,KLGF,sz
002785,万里石,WLS,sz
002786,银宝山新,YBSX,sz
002787,华源包装,HYBZ,sz
002788,鹭燕医药,LYYY,sz
002789,建艺集团,JYJT,sz
002790,瑞尔特,RET,sz
002791,坚朗五金,JLWJ,sz
002792,通宇通讯,TYTX,sz
300001,特锐德,TRD,sz
300002,神州泰岳,SZTY,sz
300003,乐普医疗,LPYL,sz
300004,南风股份,NFGF,sz
300005,探路者,TLZ,sz
300006,莱美药业,LMYY,sz
300007,汉威电子,HWDZ,sz
300008,上海佳豪,SHJH,sz
300009,安科生物,AKSW,sz
300010,立思辰,LSC,sz
300011,鼎汉技术,DHJS,sz
300012,华测检测,HCJC,sz
300013,新宁物流,XNWL,sz
300014,亿纬锂能,YWLN,sz
300015,爱尔眼科,AEYK,sz
300016,北陆药业,BLYY,sz
300017,网宿科技,WSKJ,sz
300018,中元华电,ZYHD,sz
300019,硅宝科技,GBKJ,sz
300020,银江股份,YJGF,sz
300021,大禹节水,DYJS,sz
300022,吉峰农机,JFNJ,sz
300023,宝德股份,BDGF,sz
300024,机器人,JQR,sz
300025,华星创业,HXCY,sz
300026,红日药业,HRYY,sz
300027,华谊兄弟,HYXD,sz
300028,金亚科技,JYKJ,sz
300029,天龙光电,TLGD,sz
300030,阳普医疗,YPYL,sz
300031,宝通科技,BTKJ,sz
300032,金龙机电,JLJD,sz
300033,同花顺,THS,sz
300034,钢研高纳,GYGN,sz
300035,中科电气,ZKDQ,sz
300036,超图软件,CTRJ,sz
300037,新宙邦,XZB,sz
300038,梅泰诺,MTN,sz
300039,上海凯宝,SHKB,sz
300040,九洲电气,JZDQ,sz
300041,回天新材,HTXC,sz
300042,朗科科技,LKKJ,sz
300043,互动娱乐,HDYL,sz
300044,赛为智能,SWZN,sz
300045,华力创通,HLCT,sz
300046,台基股份,TJGF,sz
300047,天源迪科,TYDK,sz
300048,合康变频,HKBP,sz
300049,福瑞股份,FRGF,sz
300050,世纪鼎利,SJDL,sz
300051,三五互联,SWHL,sz
300052,中青宝,ZQB,sz
300053,欧比特,OBT,sz
300054,鼎龙股份,DLGF,sz
300055,万邦达,WBD,sz
300056,三维丝,SWS,sz
300057,万顺股份,WSGF,sz
300058,蓝色光标,LSGB,sz
300059,东方财富,DFCF,sz
300060,苏州恒久,SZHJ,sz
300061,康耐特,KNT,sz
300062,中能电气,ZNDQ,sz
300063,天龙集团,TLJT,sz
300064,豫金刚石,YJGS,sz
300065,海兰信,HLX,sz
300066,三川智慧,SCZH,sz
300067,安诺其,ANQ,sz
300068,南都电源,NDDY,sz
300069,金利华电,JLHD,sz
300070,碧水源,BSY,sz
300071,华谊嘉信,HYJX,sz
300072,三聚环保,SJHB,sz
300073,当升科技,DSKJ,sz
300074,华平股份,HPGF,sz
300075,数字政通,SZZT,sz
300076,GQY视讯,GQYSX,sz
300077,国民技术,GMJS,sz
300078,思创医惠,SCYH,sz
300079,数码视讯,SMSX,sz
300080,易成新能,YCXN,sz
300081,恒信移动,HXYD,sz
300082,奥克股份,AKGF,sz
300083,劲胜精密,JSJM,sz
300084,海默科技,HMKJ,sz
300085,银之杰,YZJ,sz
300086,康芝药业,KZYY,sz
300087,荃银高科,QYGK,sz
300088,长信科技,CXKJ,sz
300089,文化长城,WHCC,sz
300090,盛运环保,SYGF,sz
300091,金通灵,JTL,sz
300092,科新机电,KXJD,sz
300093,金刚玻璃,JGBL,sz
300094,国联水产,GLSC,sz
300095,华伍股份,HWGF,sz
300096,易联众,YLZ,sz
300097,智云股份,ZYGF,sz
300098,高新兴,GXX,sz
300099,尤洛卡,YLK,sz
300100,双林股份,SLGF,sz
300101,振芯科技,ZXKJ,sz
300102,乾照光电,QZGD,sz
300103,达刚路机,DGLJ,sz
300104,乐视网,LSW,sz
300105,龙源技术,LYJS,sz
300106,西部牧业,XBMY,sz
300107,建新股份,JXGF,sz
300108,双龙股份,SLGF,sz
300109,新开源,XKY,sz
300110,华仁药业,HRYY,sz
300111,向日葵,XRK,sz
300112,万讯自控,WXZK,sz
300113,顺网科技,SWKJ,sz
300114,中航电测,ZHDC,sz
300115,长盈精密,CYJM,sz
300116,坚瑞消防,JRXF,sz
300117,嘉寓股份,JYGF,sz
300118,东方日升,DFRS,sz
300119,瑞普生物,RPSW,sz
300120,经纬电材,JWDC,sz
300121,阳谷华泰,YGHT,sz
300122,智飞生物,ZFSW,sz
300123,太阳鸟,TYN,sz
300124,汇川技术,HCJS,sz
300125,易世达,YSD,sz
300126,锐奇股份,RQGF,sz
300127,银河磁体,YHCT,sz
300128,锦富新材,JFXC,sz
300129,泰胜风能,TSFN,sz
300130,新国都,XGD,sz
300131,英唐智控,YTZK,sz
300132,青松股份,QSGF,sz
300133,华策影视,HCYS,sz
300134,大富科技,DFKJ,sz
300135,宝利国际,BLGJ,sz
300136,信维通信,XWTX,sz
300137,先河环保,XHHB,sz
300138,晨光生物,CGSW,sz
300139,晓程科技,XCKJ,sz
300140,启源装备,QYZB,sz
300141,和顺电气,HSDQ,sz
300142,沃森生物,WSSW,sz
300143,星河生物,XHSW,sz
300144,宋城演艺,SCYY,sz
300145,南方泵业,NFBY,sz
300146,汤臣倍健,TCBJ,sz
300147,香雪制药,XXZY,sz
300148,天舟文化,TZWH,sz
300149,量子高科,LZGK,sz
300150,世纪瑞尔,SJRE,sz
300151,昌红科技,CHKJ,sz
300152,科融环境,KRHJ,sz
300153,科泰电源,KTDY,sz
300154,瑞凌股份,RLGF,sz
300155,安居宝,AJB,sz
300156,神雾环保,SWHB,sz
300157,恒泰艾普,HTAP,sz
300158,振东制药,ZDZY,sz
300159,新研股份,XYGF,sz
300160,秀强股份,XQGF,sz
300161,华中数控,HZSK,sz
300162,雷曼股份,LMGF,sz
300163,先锋新材,XFXC,sz
300164,通源石油,TYSY,sz
300165,天瑞仪器,TRYQ,sz
300166,东方国信,DFGX,sz
300167,迪威视讯,DWSX,sz
300168,万达信息,WDXX,sz
300169,天晟新材,TSXC,sz
300170,汉得信息,HDXX,sz
300171,东富龙,DFL,sz
300172,中电环保,ZDHB,sz
300173,智慧松德,ZHSD,sz
300174,元力股份,YLGF,sz
300175,朗源股份,LYGF,sz
300176,鸿特精密,HTJM,sz
300177,中海达,ZHD,sz
300178,腾邦国际,TBGJ,sz
300179,四方达,SFD,sz
300180,华峰超纤,HFCX,sz
300181,佐力药业,ZLYY,sz
300182,捷成股份,JCGF,sz
300183,东软载波,DRZB,sz
300184,力源信息,LYXX,sz
300185,通裕重工,TYZG,sz
300187,永清环保,YQHB,sz
300188,美亚柏科,MYBK,sz
300189,神农基因,SNJY,sz
300190,维尔利,WEL,sz
300191,潜能恒信,QNHX,sz
300192,科斯伍德,KSWD,sz
300193,佳士科技,JSKJ,sz
300194,福安药业,FAYY,sz
300195,长荣股份,CRGF,sz
300196,长海股份,CHGF,sz
300197,铁汉生态,THST,sz
300198,纳川股份,NCGF,sz
300199,翰宇药业,HYYY,sz
300200,高盟新材,GMXC,sz
300201,海伦哲,HLZ,sz
300202,聚龙股份,JLGF,sz
300203,聚光科技,JGKJ,sz
300204,舒泰神,STS,sz
300205,天喻信息,TYXX,sz
300206,理邦仪器,LBYQ,sz
300207,欣旺达,XWD,sz
300208,恒顺众昇,HSZS,sz
300209,天泽信息,TZXX,sz
300210,森远股份,SYGF,sz
300211,亿通科技,YTKJ,sz
300212,易华录,YHL,sz
300213,佳讯飞鸿,JXFH,sz
300214,日科化学,RKHX,sz
300215,电科院,DKY,sz
300216,千山药机,QSYJ,sz
300217,东方电热,DFDR,sz
300218,安利股份,ALGF,sz
300219,鸿利光电,HLGD,sz
300220,金运激光,JYJG,sz
300221,银禧科技,YXKJ,sz
300222,科大智能,KDZN,sz
300223,北京君正,BJJZ,sz
300224,正海磁材,ZHCC,sz
300225,金力泰,JLT,sz
300226,上海钢联,SHGL,sz
300227,光韵达,GYD,sz
300228,富瑞特装,FRTZ,sz
300229,拓尔思,TES,sz
300230,永利股份,YLGF,sz
300231,银信科技,YXKJ,sz
300232,洲明科技,ZMKJ,sz
300233,金城医药,JCYY,sz
300234,开尔新材,KEXC,sz
300235,方直科技,FZKJ,sz
300236,上海新阳,SHXY,sz
300237,美晨科技,MCKJ,sz
300238,冠昊生物,GHSW,sz
300239,东宝生物,DBSW,sz
300240,飞力达,FLD,sz
300241,瑞丰光电,RFGD,sz
300242,明家联合,MJLH,sz
300243,瑞丰高材,RFGC,sz
300244,迪安诊断,DAZD,sz
300245,天玑科技,TJKJ,sz
300246,宝莱特,BLT,sz
300247,乐金健康,LJJK,sz
300248,新开普,XKP,sz
300249,依米康,YMK,sz
300250,初灵信息,CLXX,sz
300251,光线传媒,GXCM,sz
300252,金信诺,JXN,sz
300253,卫宁健康,WNJK,sz
300254,仟源医药,QYYY,sz
300255,常山药业,CSYY,sz
300256,星星科技,XXKJ,sz
300257,开山股份,KSGF,sz
300258,精锻科技,JDKJ,sz
300259,新天科技,XTKJ,sz
300260,新莱应材,XLYC,sz
300261,雅本化学,YBHX,sz
300262,巴安水务,BASW,sz
300263,隆华节能,LHJN,sz
300264,佳创视讯,JCSX,sz
300265,通光线缆,TGXL,sz
300266,兴源环境,XYHJ,sz
300267,尔康制药,EKZY,sz
300268,万福生科,WFSK,sz
300269,联建光电,LJGD,sz
300270,中威电子,ZWDZ,sz
300271,华宇软件,HYRJ,sz
300272,开能环保,KNHB,sz
300273,和佳股份,HJGF,sz
300274,阳光电源,YGDY,sz
300275,梅安森,MAS,sz
300276,三丰智能,SFZN,sz
300277,海联讯,HLX,sz
300278,华昌达,HCD,sz
300279,和晶科技,HJKJ,sz
300280,南通锻压,NTDY,sz
300281,金明精机,JMJJ,sz
300282,汇冠股份,HGGF,sz
300283,温州宏丰,WZHF,sz
300284,苏交科,SJK,sz
300285,国瓷材料,GCCL,sz
300286,安科瑞,AKR,sz
300287,飞利信,FLX,sz
300288,朗玛信息,LMXX,sz
300289,利德曼,LDM,sz
300290,荣科科技,RKKJ,sz
300291,华录百纳,HLBN,sz
300292,吴通控股,WTKG,sz
300293,蓝英装备,LYZB,sz
300294,博雅生物,BYSW,sz
300295,三六五网,SLWW,sz
300296,利亚德,LYD,sz
300297,蓝盾股份,LDGF,sz
300298,三诺生物,SNSW,sz
300299,富春通信,FCTX,sz
300300,汉鼎股份,HDGF,sz
300301,长方集团,CFJT,sz
300302,同有科技,TYKJ,sz
300303,聚飞光电,JFGD,sz
300304,云意电气,YYDQ,sz
300305,裕兴股份,YXGF,sz
300306,远方光电,YFGD,sz
300307,慈星股份,CXGF,sz
300308,中际装备,ZJZB,sz
300309,吉艾科技,JAKJ,sz
300310,宜通世纪,YTSJ,sz
300311,任子行,RZX,sz
300312,邦讯技术,BXJS,sz
300313,天山生物,TSSW,sz
300314,戴维医疗,DWYL,sz
300315,掌趣科技,ZQKJ,sz
300316,晶盛机电,JSJD,sz
300317,珈伟股份,JWGF,sz
300318,博晖创新,BHCX,sz
300319,麦捷科技,MJKJ,sz
300320,海达股份,HDGF,sz
300321,同大股份,TDGF,sz
300322,硕贝德,SBD,sz
300323,华灿光电,HCGD,sz
300324,旋极信息,XJXX,sz
300325,德威新材,DWXC,sz
300326,凯利泰,KLT,sz
300327,中颖电子,ZYDZ,sz
300328,宜安科技,YAKJ,sz
300329,海伦钢琴,HLGQ,sz
300330,华虹计通,HHJT,sz
300331,苏大维格,SDWG,sz
300332,天壕环境,THHJ,sz
300333,兆日科技,ZRKJ,sz
300334,津膜科技,JMKJ,sz
300335,迪森股份,DSGF,sz
300336,新文化,XWH,sz
300337,银邦股份,YBGF,sz
300338,开元仪器,KYYQ,sz
300339,润和软件,RHRJ,sz
300340,科恒股份,KHGF,sz
300341,麦迪电气,MDDQ,sz
300342,天银机电,TYJD,sz
300343,联创股份,LCGF,sz
300344,太空板业,TKBY,sz
300345,红宇新材,HYXC,sz
300346,南大光电,NDGD,sz
300347,泰格医药,TGYY,sz
300348,长亮科技,CLKJ,sz
300349,金卡股份,JKGF,sz
300350,华鹏飞,HPF,sz
300351,永贵电器,YGDQ,sz
300352,北信源,BXY,sz
300353,东土科技,DTKJ,sz
300354,东华测试,DHCS,sz
300355,蒙草抗旱,MCKH,sz
300356,光一科技,GYKJ,sz
300357,我武生物,WWSW,sz
300358,楚天科技,CTKJ,sz
300359,全通教育,QTJY,sz
300360,炬华科技,JHKJ,sz
300361,奥赛康,ASK,sz
300362,天翔环境,TXHJ,sz
300363,博腾股份,BTGF,sz
300364,中文在线,ZWZX,sz
300365,恒华科技,HHKJ,sz
300366,创意信息,CYXX,sz
300367,东方网力,DFWL,sz
300368,汇金股份,HJGF,sz
300369,绿盟科技,LMKJ,sz
300370,安控科技,AKKJ,sz
300371,汇中股份,HZGF,sz
300372,欣泰电气,XTDQ,sz
300373,扬杰科技,YJKJ,sz
300374,恒通科技,HTKJ,sz
300375,鹏翎股份,PLGF,sz
300376,易事特,YST,sz
300377,赢时胜,YSS,sz
300378,鼎捷软件,DJRJ,sz
300379,东方通,DFT,sz
300380,安硕信息,ASXX,sz
300381,溢多利,YDL,sz
300382,斯莱克,SLK,sz
300383,光环新网,GHXW,sz
300384,三联虹普,SLHP,sz
300385,雪浪环境,XLHJ,sz
300386,飞天诚信,FTCX,sz
300387,富邦股份,FBGF,sz
300388,国祯环保,GZHB,sz
300389,艾比森,ABS,sz
300390,天华超净,THCJ,sz
300391,康跃科技,KYKJ,sz
300392,腾信股份,TXGF,sz
300393,中来股份,ZLGF,sz
300394,天孚通信,TFTX,sz
300395,菲利华,FLH,sz
300396,迪瑞医疗,DRYL,sz
300397,天和防务,THFW,sz
300398,飞凯材料,FKCL,sz
300399,京天利,JTL,sz
300400,劲拓股份,JTGF,sz
300401,花园生物,HYSW,sz
300402,宝色股份,BSGF,sz
300403,地尔汉宇,DEHY,sz
300404,博济医药,BJYY,sz
300405,科隆精化,KLJH,sz
300406,九强生物,JQSW,sz
300407,凯发电气,KFDQ,sz
300408,三环集团,SHJT,sz
300409,道氏技术,DSJS,sz
300410,正业科技,ZYKJ,sz
300411,金盾股份,JDGF,sz
300412,迦南科技,JNKJ,sz
300413,快乐购,KLG,sz
300414,中光防雷,ZGFL,sz
300415,伊之密,YZM,sz
300416,苏试试验,SSSY,sz
300417,南华仪器,NHYQ,sz
300418,昆仑万维,KLWW,sz
300419,浩丰科技,HFKJ,sz
300420,五洋科技,WYKJ,sz
300421,力星股份,LXGF,sz
300422,博世科,BSK,sz
300423,鲁亿通,LYT,sz
300424,航新科技,HXKJ,sz
300425,环能科技,HNKJ,sz
300426,唐德影视,TDYS,sz
300427,红相电力,HXDL,sz
300428,四通新材,STXC,sz
300429,强力新材,QLXC,sz
300430,诚益通,CYT,sz
300431,暴风科技,BFKJ,sz
300432,富临精工,FLJG,sz
300433,蓝思科技,LSKJ,sz
300434,金石东方,JSDF,sz
300435,中泰股份,ZTGF,sz
300436,广生堂,GST,sz
300437,清水源,QSY,sz
300438,鹏辉能源,PHNY,sz
300439,美康生物,MKSW,sz
300440,运达科技,YDKJ,sz
300441,鲍斯股份,BSGF,sz
300442,普丽盛,PLS,sz
300443,金雷风电,JLFD,sz
300444,双杰电气,SJDQ,sz
300445,康斯特,KST,sz
300446,乐凯新材,LKXC,sz
300447,全信股份,JXGF,sz
300448,浩云科技,HYKJ,sz
300449,汉邦高科,HBGK,sz
300450,先导智能,XDZN,sz
300451,创业软件,CYRJ,sz
300452,山河药辅,SHYF,sz
300453,三鑫医疗,SXYL,sz
300455,康拓红外,KTHW,sz
300456,耐威科技,NWKJ,sz
300457,赢合科技,YHKJ,sz
300458,全志科技,JZKJ,sz
300459,浙江金科,ZJJK,sz
300460,惠伦晶体,HLJT,sz
300461,田中精机,TZJJ,sz
300462,华铭智能,HMZN,sz
300463,迈克生物,MKSW,sz
300464,星徽精密,XHJM,sz
300465,高伟达,GWD,sz
300466,赛摩电气,SMDQ,sz
300467,迅游科技,XYKJ,sz
300468,四方精创,SFJC,sz
300469,信息发展,XXFZ,sz
300470,日机密封,RJMF,sz
300471,厚普股份,HPGF,sz
300472,新元科技,XYKJ,sz
300473,德尔股份,DEGF,sz
300474,景嘉微,JJW,sz
300475,聚隆科技,JLKJ,sz
300476,胜宏科技,SHKJ,sz
300477,合纵科技,HZKJ,sz
300478,杭州高新,HZGX,sz
300479,神思电子,SSDZ,sz
300480,光力科技,GLKJ,sz
300481,濮阳惠成,PYHC,sz
300482,万孚生物,WFSW,sz
300483,沃施股份,WSGF,sz
300484,蓝海华腾,LHHT,sz
300485,赛升药业,SSYY,sz
300486,东杰智能,DJZN,sz
300487,蓝晓科技,LXKJ,sz
300488,恒锋工具,HFGJ,sz
300489,中飞股份,ZFGF,sz
300490,华自科技,HZKJ,sz
300491,通合科技,THKJ,sz
300492,山鼎设计,SDSJ,sz
300493,润欣科技,RXKJ,sz
300494,盛天网络,STWL,sz
300495,美尚生态,MSST,sz
300496,中科创达,ZKCD,sz
300497,富祥股份,FXGF,sz
300498,温氏股份,WSGF,sz
300499,高澜股份,GLGF,sz
300500,苏州设计,SZSJ,sz
300501,海顺新材,HSXC,sz
300502,新易盛,XYS,sz
300503,昊志机电,HZJD,sz
300505,川金诺,CJN,sz
300506,名家汇,MJH,sz